tiempo (s),señal CH1 (mV),señal CH2 (V)
-0.000001,25.6,-14.4
0.000003,25.6,-14.4
0.000007,28,-14.6
0.000011,25.6,-14.4
0.000015,25.6,-14.4
0.000019,25.6,-14.6
0.000023,27.2,-14.4
0.000027,25.6,-14.4
0.000031,28,-14.6
0.000035,26.4,-14.2
0.000039,28,-14.4
0.000043,26.4,-14.6
0.000047,27.2,-14.4
0.000051,27.2,-14.4
0.000055,28,-14.4
0.000059,28,-14.4
0.000063,28,-14.4
0.000067,27.2,-14.4
0.000071,28,-14.4
0.000075,27.2,-14.4
0.000079,28,-14.4
0.000083,28,-14.4
0.000087,28,-14.4
0.000091,28,-14.4
0.000095,29.6,-14.4
0.000099,28.8,-14.4
0.000103,29.6,-14.4
0.000107,29.6,-14.4
0.000111,28,-14.2
0.000115,28,-14.6
0.000119,28.8,-14.4
0.000123,28,-14.4
0.000127,28.8,-14.4
0.000131,28,-14.4
0.000135,27.2,-14.4
0.000139,28,-14.6
0.000143,28.8,-14.4
0.000147,28,-14.4
0.000151,27.2,-14.4
0.000155,28.8,-14.4
0.000159,26.4,-14.4
0.000163,26.4,-14.4
0.000167,26.4,-14.4
0.000171,27.2,-14.4
0.000175,25.6,-14.4
0.000179,27.2,-14.4
0.000183,24.8,-14.4
0.000187,26.4,-14.4
0.000191,26.4,-14.4
0.000195,27.2,-14.4
0.000199,25.6,-14.4
0.000203,27.2,-14.2
0.000207,24.8,-14.4
0.000211,24.8,-14.4
0.000215,24.8,-14.4
0.000219,25.6,-14.4
0.000223,24.8,-14.4
0.000227,24.8,-14.4
0.000231,24.8,-14.4
0.000235,25.6,-14.4
0.000239,24.8,-14.4
0.000243,25.6,-14.2
0.000247,26.4,-14.6
0.000251,24.8,-14.4
0.000255,26.4,-14.4
0.000259,25.6,-14.4
0.000263,25.6,-14.4
0.000267,25.6,-14.4
0.000271,25.6,-14.6
0.000275,26.4,-14.4
0.000279,26.4,-14.4
0.000283,25.6,-14.4
0.000287,24.8,-14.6
0.000291,24.8,-14.4
0.000295,24.8,-14.4
0.000299,25.6,-14.4
0.000303,27.2,-14.6
0.000307,26.4,-14.4
0.000311,26.4,-14.4
0.000315,25.6,-14.2
0.000319,27.2,-14.4
0.000323,25.6,-14.4
0.000327,27.2,-14.4
0.000331,27.2,-14.6
0.000335,26.4,-14.4
0.000339,26.4,-14.4
0.000343,28,-14.4
0.000347,26.4,-14.2
0.000351,26.4,-14.4
0.000355,27.2,-14.4
0.000359,28,-14.4
0.000363,28,-14.4
0.000367,27.2,-14.4
0.000371,27.2,-14.2
0.000375,28,-14.4
0.000379,27.2,-14.4
0.000383,28,-14.4
0.000387,28,-14.4
0.000391,28.8,-14.4
0.000395,27.2,-14.4
0.000399,28,-14.2
0.000403,28.8,-14.4
0.000407,27.2,-14.6
0.000411,27.2,-14.4
0.000415,26.4,-14.4
0.000419,27.2,-14.4
0.000423,27.2,-14.4
0.000427,28,-14.4
0.000431,26.4,-14.4
0.000435,27.2,-14.4
0.000439,28,-14.2
0.000443,27.2,-14.4
0.000447,26.4,-14.4
0.000451,27.2,-14.6
0.000455,26.4,-14.4
0.000459,27.2,-14.2
0.000463,26.4,-14.4
0.000467,27.2,-14.4
0.000471,26.4,-14.4
0.000475,28.8,-14.4
0.000479,28.8,-14.2
0.000483,28,-14.4
0.000487,25.6,-14.2
0.000491,28.8,-14.4
0.000495,27.2,-14.4
0.000499,28,-14.4
0.000503,26.4,-14.2
0.000507,27.2,-14.4
0.000511,28,-14.4
0.000515,26.4,-14.4
0.000519,25.6,-14.6
0.000523,28,-14.4
0.000527,27.2,-14.4
0.000531,27.2,-14.4
0.000535,28.8,-14.4
0.000539,27.2,-14.2
0.000543,28,-14.6
0.000547,27.2,-14.4
0.000551,28.8,-14.4
0.000555,27.2,-14.4
0.000559,28,-14.4
0.000563,28,-14.4
0.000567,27.2,-14.4
0.000571,26.4,-14.4
0.000575,27.2,-14.2
0.000579,27.2,-14.2
0.000583,26.4,-14.4
0.000587,27.2,-14.4
0.000591,28,-14.2
0.000595,26.4,-14.4
0.000599,28,-14.4
0.000603,25.6,-14.2
0.000607,26.4,-14.4
0.000611,25.6,-14.4
0.000615,27.2,-14.4
0.000619,24.8,-14.4
0.000623,26.4,-14.4
0.000627,27.2,-14.4
0.000631,28,-14.4
0.000635,26.4,-14.2
0.000639,25.6,-14.4
0.000643,26.4,-14.2
0.000647,27.2,-14.4
0.000651,28,-14.4
0.000655,26.4,-14.6
0.000659,26.4,-14.4
0.000663,26.4,-14.4
0.000667,26.4,-14.4
0.000671,26.4,-14.4
0.000675,27.2,-14.4
0.000679,26.4,-14.6
0.000683,26.4,-14.4
0.000687,25.6,-14.6
0.000691,27.2,-14.4
0.000695,26.4,-14.4
0.000699,28,-14.6
0.000703,25.6,-14.4
0.000707,27.2,-14.6
0.000711,27.2,-14.6
0.000715,27.2,-14.4
0.000719,26.4,-14.6
0.000723,27.2,-14.2
0.000727,27.2,-14.4
0.000731,27.2,-14.4
0.000735,27.2,-14.4
0.000739,27.2,-14.4
0.000743,24.8,-14.4
0.000747,25.6,-14.4
0.000751,25.6,-14.4
0.000755,26.4,-14.4
0.000759,24.8,-14.6
0.000763,27.2,-14.2
0.000767,26.4,-14.4
0.000771,26.4,-14.4
0.000775,25.6,-14.4
0.000779,24.8,-14.4
0.000783,24.8,-14.6
0.000787,24.8,-14.4
0.000791,25.6,-14.4
0.000795,24.8,-14.4
0.000799,24.8,-14.6
0.000803,26.4,-14.2
0.000807,25.6,-14.6
0.000811,25.6,-14.4
0.000815,25.6,-14.6
0.000819,24.8,-14.2
0.000823,25.6,-14.6
0.000827,25.6,-14.2
0.000831,28.8,-14.4
0.000835,24.8,-14.2
0.000839,25.6,-14.4
0.000843,24.8,-14.6
0.000847,26.4,-14.4
0.000851,25.6,-14.4
0.000855,25.6,-14.4
0.000859,24.8,-14.4
0.000863,26.4,-14.2
0.000867,24.8,-14.2
0.000871,25.6,-14.4
0.000875,24.8,-14.4
0.000879,27.2,-14.4
0.000883,25.6,-14.2
0.000887,26.4,-14.2
0.000891,24.8,-14.4
0.000895,24.8,-14.4
0.000899,26.4,-14.4
0.000903,27.2,-14.4
0.000907,24.8,-14.4
0.000911,27.2,-14.6
0.000915,27.2,-14.4
0.000919,24.8,-14.4
0.000923,25.6,-14.6
0.000927,26.4,-14.4
0.000931,26.4,-14.4
0.000935,25.6,-14.2
0.000939,25.6,-14.4
0.000943,24.8,-14.4
0.000947,25.6,-14.4
0.000951,24.8,-14.6
0.000955,27.2,-14.4
0.000959,26.4,-14.4
0.000963,27.2,-14.6
0.000967,25.6,-14.2
0.000971,26.4,-14.4
0.000975,24.8,-14.4
0.000979,27.2,-14.4
0.000983,24.8,-14.4
0.000987,25.6,-14.4
0.000991,26.4,-14.4
0.000995,26.4,-14.2
0.000999,25.6,-14.4
0.001,25.6,-14.4
0.00101,25.6,-14.6
0.00101,26.4,-14.6
0.00101,25.6,-14.4
0.00102,26.4,-14.2
0.00102,25.6,-14.2
0.00103,27.2,-14.2
0.00103,25.6,-14.4
0.00103,25.6,-14.4
0.00104,24.8,-14.4
0.00104,27.2,-14.2
0.00105,27.2,-14.2
0.00105,26.4,-14.4
0.00105,25.6,-14.4
0.00106,25.6,-14.4
0.00106,26.4,-14.4
0.00107,26.4,-14.6
0.00107,26.4,-14.4
0.00108,27.2,-14.4
0.00108,25.6,-14.4
0.00108,25.6,-14.2
0.00109,26.4,-14.4
0.00109,26.4,-14.2
0.0011,25.6,-14.4
0.0011,24.8,-14.2
0.0011,28,-14.6
0.00111,26.4,-14.4
0.00111,26.4,-14.4
0.00112,25.6,-14.4
0.00112,25.6,-14.4
0.00112,25.6,-14.4
0.00113,27.2,-14.4
0.00113,24.8,-14.6
0.00113,24.8,-14.4
0.00114,25.6,-14.2
0.00114,24.8,-14.4
0.00115,24.8,-14.4
0.00115,26.4,-14.4
0.00116,25.6,-14.2
0.00116,24.8,-14.4
0.00116,24.8,-14.6
0.00117,24.8,-14.4
0.00117,24.8,-14.4
0.00118,24.8,-14.2
0.00118,24.8,-14.4
0.00118,24.8,-14.4
0.00119,24.8,-14.4
0.00119,25.6,-14.4
0.0012,24.8,-14.4
0.0012,24.8,-14.2
0.0012,24.8,-14.4
0.00121,24.8,-14.4
0.00121,24.8,-14.6
0.00121,24.8,-14.6
0.00122,24.8,-14.2
0.00122,24.8,-14.4
0.00123,24,-14.4
0.00123,24,-14.4
0.00123,24,-14.6
0.00124,23.2,-14.6
0.00124,24.8,-14.6
0.00125,22.4,-14.4
0.00125,23.2,-14.6
0.00126,24,-14.4
0.00126,24.8,-14.4
0.00126,24,-14.6
0.00127,24.8,-14.4
0.00127,23.2,-14.4
0.00128,24,-14.4
0.00128,24,-5.8
0.00128,24.8,-8
0.00129,24.8,-8.4
0.00129,24.8,-8.6
0.00129,24.8,-8.6
0.0013,24.8,-8.8
0.0013,24.8,-8.6
0.00131,24.8,-8.6
0.00131,24.8,-8.8
0.00132,24,-8.6
0.00132,23.2,-8.8
0.00132,24.8,-8.8
0.00133,24.8,-8.8
0.00133,25.6,-8.8
0.00134,24.8,-8.8
0.00134,23.2,-8.6
0.00134,24.8,-8.8
0.00135,24.8,-8.8
0.00135,24.8,-8.8
0.00136,23.2,-8.8
0.00136,24.8,-9
0.00136,24.8,-8.8
0.00137,24.8,-8.8
0.00137,24,-9
0.00137,24.8,-8.8
0.00138,24,-8.8
0.00138,27.2,-8.6
0.00139,24.8,-8.6
0.00139,24.8,-8.8
0.0014,24.8,-8.8
0.0014,26.4,-8.6
0.0014,24.8,-8.8
0.00141,26.4,-9
0.00141,24.8,-9
0.00142,26.4,-8.8
0.00142,25.6,-9
0.00142,26.4,-8.8
0.00143,25.6,-9
0.00143,25.6,-8.8
0.00144,24.8,-8.8
0.00144,25.6,-8.8
0.00144,25.6,-8.6
0.00145,24.8,-8.6
0.00145,24.8,-8.8
0.00145,26.4,-8.8
0.00146,25.6,-8.8
0.00146,24.8,-8.8
0.00147,25.6,-8.8
0.00147,25.6,-8.8
0.00148,25.6,-8.8
0.00148,26.4,-8.8
0.00148,25.6,-8.8
0.00149,26.4,-8.8
0.00149,26.4,-8.8
0.0015,22.4,-8.8
0.0015,25.6,-8.8
0.0015,25.6,-8.8
0.00151,26.4,-9
0.00151,24,-8.8
0.00152,25.6,-8.8
0.00152,24.8,-8.8
0.00152,25.6,-8.8
0.00153,24,-8.8
0.00153,25.6,-8.8
0.00154,23.2,-8.8
0.00154,25.6,-8.6
0.00154,24.8,-8.8
0.00155,25.6,-8.8
0.00155,23.2,-8.8
0.00156,26.4,-8.8
0.00156,24.8,-8.8
0.00156,26.4,-8.8
0.00157,24,-8.6
0.00157,26.4,-8.6
0.00158,25.6,-8.6
0.00158,24.8,-8.8
0.00158,25.6,-8.6
0.00159,25.6,-8.8
0.00159,24.8,-8.8
0.0016,24.8,-8.8
0.0016,24.8,-8.8
0.0016,24.8,-8.6
0.00161,24.8,-8.8
0.00161,24,-8.8
0.00161,24.8,-8.8
0.00162,24.8,-8.8
0.00162,24,-8.6
0.00163,24.8,-8.8
0.00163,26.4,-8.6
0.00164,24.8,-8.8
0.00164,25.6,-8.8
0.00164,24.8,-8.8
0.00165,25.6,-8.8
0.00165,24.8,-8.8
0.00166,24.8,-8.8
0.00166,24.8,-8.8
0.00166,24.8,-8.8
0.00167,24,-8.8
0.00167,26.4,-8.8
0.00168,24.8,-8.8
0.00168,26.4,-8.8
0.00168,25.6,-8.8
0.00169,24.8,-9
0.00169,24,-8.8
0.00169,26.4,-8.8
0.0017,25.6,-8.8
0.0017,25.6,-8.8
0.00171,24.8,-8.8
0.00171,26.4,-9
0.00171,25.6,-9
0.00172,25.6,-9
0.00172,24.8,-8.8
0.00173,26.4,-8.8
0.00173,24.8,-8.8
0.00173,24.8,-8.8
0.00174,26.4,-9
0.00174,27.2,-8.8
0.00175,26.4,-8.8
0.00175,24.8,-8.8
0.00176,26.4,-8.8
0.00176,24.8,-8.8
0.00176,26.4,-9
0.00177,24.8,-9
0.00177,27.2,-8.8
0.00178,24.8,-9
0.00178,24.8,-8.8
0.00178,25.6,-8.8
0.00179,26.4,-8.8
0.00179,24.8,-8.8
0.00179,25.6,-9
0.0018,24.8,-8.8
0.0018,25.6,-8.8
0.00181,25.6,-8.8
0.00181,26.4,-8.8
0.00182,25.6,-8.8
0.00182,27.2,-9
0.00182,26.4,-8.8
0.00183,27.2,-8.8
0.00183,26.4,-8.8
0.00184,26.4,-8.8
0.00184,27.2,-9
0.00184,26.4,-8.8
0.00185,26.4,-8.8
0.00185,27.2,-9
0.00186,27.2,-8.8
0.00186,27.2,-9
0.00186,27.2,-9
0.00187,25.6,-8.8
0.00187,26.4,-9
0.00187,26.4,-9
0.00188,25.6,-9
0.00188,26.4,-9
0.00189,26.4,-9
0.00189,25.6,-8.8
0.0019,27.2,-9
0.0019,26.4,-8.8
0.0019,25.6,-8.8
0.00191,25.6,-8.8
0.00191,25.6,-8.8
0.00192,25.6,-9
0.00192,24.8,-9
0.00192,24,-8.8
0.00193,24.8,-8.8
0.00193,24,-9
0.00194,25.6,-9
0.00194,24,-8.8
0.00194,24.8,-8.8
0.00195,24.8,-9
0.00195,24.8,-9
0.00196,23.2,-9
0.00196,24.8,-9
0.00196,24.8,-8.8
0.00197,25.6,-9
0.00197,26.4,-9
0.00198,24.8,-8.8
0.00198,24.8,-8.8
0.00198,24.8,-8.8
0.00199,24.8,-9
0.00199,25.6,-9
0.00199,25.6,-9
0.002,24,-9
0.002,24.8,-9
0.00201,24.8,-9
0.00201,24.8,-9
0.00202,24.8,-9
0.00202,24.8,-9
0.00202,24.8,-9
0.00203,24.8,-9
0.00203,24.8,-9
0.00204,24.8,-9
0.00204,25.6,-9
0.00204,26.4,-9
0.00205,24.8,-9
0.00205,24.8,-9
0.00206,24.8,-9.2
0.00206,25.6,-9
0.00206,24.8,-9
0.00207,25.6,-9
0.00207,24.8,-9
0.00208,24.8,-9
0.00208,24,-9
0.00208,24.8,-9
0.00209,24,-9
0.00209,25.6,-8.8
0.0021,24.8,-9
0.0021,24.8,-9
0.0021,24.8,-9
0.00211,24.8,-9
0.00211,24.8,-9
0.00212,24,-9
0.00212,23.2,-9
0.00212,24.8,-9
0.00213,24.8,-9.2
0.00213,24.8,-9
0.00214,23.2,-9
0.00214,24.8,-9
0.00214,24.8,-9
0.00215,24,-8.8
0.00215,24,-9
0.00216,23.2,-9
0.00216,24.8,-9.2
0.00216,23.2,-9
0.00217,24.8,-9
0.00217,23.2,-9
0.00218,24,-9
0.00218,23.2,-9
0.00218,23.2,-9
0.00219,24,-9
0.00219,24.8,-9
0.00219,24,-9
0.0022,24.8,-9
0.0022,23.2,-9.2
0.00221,24.8,-9
0.00221,24.8,-9
0.00222,24.8,-9
0.00222,24,-9
0.00222,25.6,-9
0.00223,24.8,-9
0.00223,26.4,-9.2
0.00224,24,-9
0.00224,24.8,-9
0.00224,24.8,-9
0.00225,24.8,-9
0.00225,24.8,-9
0.00226,24.8,-9
0.00226,25.6,-9
0.00226,25.6,-9
0.00227,25.6,-9.2
0.00227,24,-9
0.00228,24.8,-9
0.00228,24.8,-9
0.00228,24.8,-9
0.00229,24.8,-9
0.00229,24.8,-9
0.0023,24.8,-9
0.0023,25.6,-9
0.0023,24,-9
0.00231,25.6,-9
0.00231,24.8,-9
0.00231,24.8,-9
0.00232,25.6,-9
0.00232,26.4,-9
0.00233,25.6,-9
0.00233,25.6,-9
0.00233,24.8,-9
0.00234,25.6,-9
0.00234,24,-9
0.00235,27.2,-9
0.00235,24.8,-9.2
0.00235,26.4,-9
0.00236,25.6,-9
0.00236,25.6,-9.2
0.00237,25.6,-9
0.00237,26.4,-8.8
0.00237,24.8,-9
0.00238,25.6,-9
0.00238,26.4,-9
0.00239,25.6,-9
0.00239,26.4,-9
0.0024,25.6,-9
0.0024,24,-9
0.0024,26.4,-8.8
0.00241,25.6,-9
0.00241,24.8,-9
0.00242,24.8,-9
0.00242,24.8,-9
0.00242,25.6,-9
0.00243,24.8,-9
0.00243,26.4,-9
0.00244,24,-9
0.00244,24.8,-9
0.00244,24,-9
0.00245,24.8,-9
0.00245,24.8,-9
0.00246,26.4,-9
0.00246,24.8,-9
0.00246,24.8,-9
0.00247,24.8,-9
0.00247,26.4,-9
0.00248,25.6,-9
0.00248,24.8,-8.8
0.00248,25.6,-9
0.00249,25.6,-9
0.00249,25.6,-9
0.00249,25.6,-9
0.0025,25.6,-9
0.0025,25.6,-9
0.00251,25.6,-9
0.00251,25.6,-9
0.00251,27.2,-9
0.00252,27.2,-9
0.00252,26.4,-9
0.00253,26.4,-9
0.00253,26.4,-9
0.00253,26.4,-9
0.00254,28,-9
0.00254,27.2,-9
0.00255,26.4,-9
0.00255,26.4,-9
0.00256,27.2,-8.8
0.00256,25.6,-9
0.00256,27.2,-9
0.00257,26.4,-8.8
0.00257,27.2,-9
0.00258,26.4,-8.8
0.00258,27.2,-9
0.00258,24.8,-9
0.00259,25.6,-8.8
0.00259,24.8,-9
0.00259,26.4,-8.8
0.0026,24.8,-9
0.0026,25.6,-9
0.00261,24,-9
0.00261,26.4,-9
0.00262,25.6,-9
0.00262,25.6,-9
0.00262,25.6,-9
0.00263,25.6,-9
0.00263,24.8,-9
0.00264,25.6,-8.8
0.00264,24.8,-9
0.00264,24.8,-9
0.00265,24.8,-8.8
0.00265,25.6,-8.8
0.00266,25.6,-9
0.00266,24.8,-9
0.00266,24.8,-8.8
0.00267,24.8,-9
0.00267,24.8,-9
0.00268,24.8,-9
0.00268,23.2,-8.8
0.00268,24.8,-8.8
0.00269,24.8,-8.6
0.00269,24.8,-8.8
0.00269,24.8,-8.8
0.0027,24,-8.8
0.0027,24.8,-9
0.00271,24.8,-8.8
0.00271,24.8,-8.6
0.00272,23.2,-9
0.00272,24,-8.6
0.00272,22.4,-9
0.00273,24,-8.8
0.00273,24.8,-9
0.00274,24,-9
0.00274,23.2,-9
0.00274,24,-9
0.00275,24,-8.8
0.00275,24.8,-9
0.00276,23.2,-8.8
0.00276,24,-9
0.00276,24.8,-9
0.00277,24.8,-9
0.00277,24,-9
0.00278,23.2,-8.8
0.00278,24,-8.8
0.00278,24,-9
0.00279,23.2,-9
0.00279,21.6,-8.8
0.0028,20,-9
0.0028,19.2,-8.8
0.0028,16.8,-8.6
0.00281,14.4,-9
0.00281,12.8,-8.8
0.00281,10.4,-8.8
0.00282,8.8,-8.8
0.00282,4,-9
0.00283,2.4,-8.8
0.00283,-1.6,-8.8
0.00283,-4,-8.8
0.00284,-6.4,-9
0.00284,-9.6,-8.8
0.00285,-12,-8.8
0.00285,-14.4,-9
0.00285,-18.4,-8.8
0.00286,-21.6,-8.8
0.00286,-24,-8.6
0.00287,-25.6,-8.8
0.00287,-28,-9
0.00288,-29.6,-9
0.00288,-32,-9
0.00288,-32.8,-8.8
0.00289,-36.8,-8.8
0.00289,-37.6,-8.8
0.0029,-39.2,-9
0.0029,-40.8,-8.8
0.0029,-42.4,-9
0.00291,-42.4,-8.8
0.00291,-43.2,-8.8
0.00292,-44,-8.8
0.00292,-44,-9
0.00292,-44.8,-9
0.00293,-44,-8.8
0.00293,-44.8,-8.6
0.00294,-43.2,-8.8
0.00294,-44.8,-8.8
0.00294,-44.8,-8.8
0.00295,-44,-9
0.00295,-44,-8.8
0.00296,-43.2,-8.8
0.00296,-42.4,-9
0.00296,-41.6,-9
0.00297,-40,-8.8
0.00297,-39.2,-9
0.00298,-36,-8.8
0.00298,-35.2,-9
0.00298,-32.8,-9
0.00299,-31.2,-9
0.00299,-27.2,-8.8
0.00299,-25.6,-9
0.003,-22.4,-8.8
0.003,-20,-9
0.00301,-16,-9
0.00301,-14.4,-8.8
0.00301,-10.4,-9
0.00302,-9.6,-9
0.00302,-5.6,-9
0.00303,-4.8,-9
0.00303,-1.6,-8.8
0.00304,2.4,-9
0.00304,2.4,-9
0.00305,5.6,-8.8
0.00305,6.4,-8.8
0.00306,8,-8.8
0.00306,9.6,-9
0.00306,9.6,-8.8
0.00307,13.6,-8.8
0.00307,13.6,-8.8
0.00308,14.4,-8.8
0.00308,15.2,-8.8
0.00308,16,-8.8
0.00309,17.6,-8.8
0.00309,18.4,-9
0.0031,19.2,-8.8
0.0031,20.8,-9
0.0031,20,-9
0.00311,20.8,-8.8
0.00311,20.8,-8.8
0.00312,21.6,-9
0.00312,20.8,-8.8
0.00312,20,-8.8
0.00313,20,-9
0.00313,21.6,-9
0.00314,20.8,-9
0.00314,20.8,-9
0.00314,20.8,-8.8
0.00315,21.6,-9
0.00315,21.6,-8.8
0.00316,23.2,-8.8
0.00316,23.2,-8.8
0.00316,23.2,-8.8
0.00317,24,-9
0.00317,24.8,-8.8
0.00318,24.8,-8.8
0.00318,25.6,-8.8
0.00318,24.8,-8.8
0.00319,26.4,-9
0.00319,28,-9
0.0032,28,-8.8
0.0032,28.8,-9
0.0032,28.8,-9
0.00321,29.6,-9
0.00321,31.2,-8.8
0.00322,32,-8.8
0.00322,32.8,-8.8
0.00322,34.4,-9
0.00323,36,-8.8
0.00323,37.6,-9
0.00324,36.8,-8.8
0.00324,40.8,-8.8
0.00324,40.8,-9
0.00325,44.8,-9
0.00325,44,-9
0.00326,47.2,-8.8
0.00326,47.2,-9
0.00326,49.6,-8.8
0.00327,50.4,-9
0.00327,52.8,-9
0.00328,52.8,-9
0.00328,56.8,-9
0.00328,56,-9
0.00329,58.4,-9
0.00329,60,-8.8
0.0033,62.4,-9
0.0033,62.4,-9
0.0033,64,-9
0.00331,64.8,-9
0.00331,64.8,-9
0.00331,64.8,-9
0.00332,66.4,-9
0.00332,68.8,-9
0.00333,66.4,-8.8
0.00333,71.2,-9
0.00333,70.4,-8.8
0.00334,71.2,-9
0.00334,72,-9
0.00335,74.4,-8.8
0.00335,73.6,-8.8
0.00335,74.4,-9
0.00336,73.6,-9
0.00336,73.6,-9
0.00337,73.6,-8.8
0.00337,74.4,-9
0.00338,74.4,-9
0.00338,76.8,-8.8
0.00338,74.4,-9
0.00339,76.8,-9
0.00339,75.2,-8.8
0.0034,76,-9
0.0034,74.4,-9
0.0034,76,-9
0.00341,74.4,-8.8
0.00341,74.4,-9
0.00342,72,-9
0.00342,72.8,-8.8
0.00342,73.6,-8.8
0.00343,71.2,-8.8
0.00343,71.2,-9
0.00344,70.4,-8.8
0.00344,70.4,-9
0.00344,70.4,-8.8
0.00345,68,-9
0.00345,69.6,-9
0.00346,68,-8.8
0.00346,68,-8.8
0.00346,68,-8.8
0.00347,68,-8.8
0.00347,68,-9
0.00347,65.6,-9
0.00348,68,-8.8
0.00348,68,-9
0.00349,68,-9
0.00349,67.2,-9
0.00349,68,-9
0.0035,68,-9
0.0035,67.2,-9
0.00351,69.6,-9
0.00351,68.8,-8.8
0.00351,68,-8.8
0.00352,70.4,-9
0.00352,69.6,-9.2
0.00353,71.2,-8.8
0.00353,70.4,-9
0.00353,69.6,-9
0.00354,68.8,-9
0.00354,71.2,-9
0.00355,69.6,-9
0.00355,69.6,-9
0.00356,69.6,-9
0.00356,70.4,-9
0.00356,71.2,-9
0.00357,71.2,-8.8
0.00357,71.2,-9
0.00358,71.2,-9
0.00358,71.2,-8.8
0.00358,72,-8.8
0.00359,72,-9
0.00359,71.2,-9
0.00359,72,-9.2
0.0036,70.4,-9
0.0036,72,-9
0.00361,70.4,-9
0.00361,71.2,-9
0.00362,71.2,-9
0.00362,70.4,-9
0.00362,69.6,-9
0.00363,70.4,-8.8
0.00363,68.8,-8.8
0.00364,68,-9
0.00364,66.4,-9
0.00364,66.4,-9
0.00365,64.8,-8.8
0.00365,64.8,-8.8
0.00366,64,-8.8
0.00366,64.8,-8.8
0.00366,61.6,-9
0.00367,61.6,-8.8
0.00367,60,-9
0.00368,59.2,-9
0.00368,58.4,-9.2
0.00368,56.8,-8.8
0.00369,56,-9
0.00369,55.2,-9
0.0037,53.6,-9
0.0037,54.4,-9
0.0037,52.8,-9
0.00371,53.6,-8.8
0.00371,53.6,-9
0.00372,51.2,-8.8
0.00372,51.2,-9
0.00372,50.4,-9
0.00373,50.4,-9.2
0.00373,48.8,-9
0.00374,48,-8.8
0.00374,48.8,-9
0.00374,48,-9
0.00375,47.2,-8.8
0.00375,45.6,-9
0.00376,44.8,-9
0.00376,44.8,-9
0.00376,42.4,-8.8
0.00377,43.2,-9
0.00377,41.6,-9
0.00378,39.2,-9
0.00378,37.6,-8.8
0.00378,39.2,-8.8
0.00379,36.8,-9
0.00379,37.6,-8.8
0.0038,34.4,-9
0.0038,36,-9
0.0038,34.4,-9
0.00381,35.2,-8.8
0.00381,33.6,-9
0.00381,33.6,-9
0.00382,33.6,-9
0.00382,34.4,-9
0.00383,32.8,-9
0.00383,32.8,-9
0.00383,32,-9
0.00384,31.2,-9
0.00384,31.2,-8.8
0.00385,32,-9
0.00385,30.4,-9
0.00385,31.2,-9
0.00386,29.6,-9
0.00386,30.4,-9
0.00387,30.4,-9
0.00387,28,-8.8
0.00388,28.8,-8.8
0.00388,28,-9
0.00388,27.2,-9
0.00389,25.6,-9
0.00389,24.8,-9
0.0039,23.2,-8.8
0.0039,23.2,-9
0.0039,21.6,-8.8
0.00391,21.6,-9
0.00391,19.2,-9
0.00392,18.4,-9
0.00392,16.8,-9
0.00392,17.6,-8.8
0.00393,16,-9
0.00393,16,-9
0.00394,14.4,-9
0.00394,15.2,-9
0.00394,13.6,-9
0.00395,13.6,-9
0.00395,12.8,-9
0.00396,12.8,-8.8
0.00396,12,-8.8
0.00396,10.4,-9
0.00397,10.4,-8.8
0.00397,10.4,-9
0.00398,8.8,-8.8
0.00398,8,-8.8
0.00398,8.8,-8.8
0.00399,8,-9
0.00399,7.2,-9
0.004,6.4,-8.8
0.004,5.6,-9
0.004,4,-8.8
0.00401,4,-9
0.00401,3.2,-9
0.00401,2.4,-9
0.00402,0.8,-8.8
0.00402,0.8,-8.8
0.00403,0.8,-9
0.00403,0.8,-9
0.00404,-1.6,-8.8
0.00405,-0.8,-9
0.00405,-2.4,-9
0.00405,-1.6,-9
0.00406,-0.8,-9
0.00406,-0.8,-9
0.00407,-2.4,-9
0.00407,-0.8,-9
0.00407,-0.8,-8.8
0.00408,-1.6,-8.8
0.00408,-1.6,-9
0.00409,-1.6,-9
0.00409,-1.6,-9
0.0041,-2.4,-8.8
0.0041,-0.8,-8.8
0.00411,-2.4,-8.8
0.00411,1.6,-9
0.00412,-3.2,-9
0.00412,-1.6,-8.8
0.00413,-1.6,-8.8
0.00413,-3.2,-9
0.00413,-2.4,-9
0.00414,-3.2,-9
0.00414,-4,-8.8
0.00415,-3.2,-9
0.00415,-5.6,-8.8
0.00415,-4.8,-8.8
0.00416,-5.6,-9
0.00416,-4.8,-9
0.00417,-6.4,-8.8
0.00417,-4.8,-8.8
0.00417,-6.4,-9
0.00418,-5.6,-8.6
0.00418,-6.4,-9
0.00419,-6.4,-8.8
0.00419,-4.8,-9
0.00419,-6.4,-9
0.0042,-7.2,-9
0.0042,-4.8,-8.8
0.00421,-7.2,-8.8
0.00421,-7.2,-8.8
0.00422,-5.6,-9
0.00422,-5.6,-9
0.00422,-4.8,-8.8
0.00423,-6.4,-8.8
0.00423,-6.4,-9
0.00424,-6.4,-8.8
0.00424,-5.6,-8.8
0.00424,-4.8,-8.8
0.00425,-7.2,-8.8
0.00425,-5.6,-9
0.00426,-7.2,-9
0.00426,-4.8,-8.8
0.00426,-5.6,-8.8
0.00427,-5.6,-9
0.00427,-4.8,-9
0.00428,-4.8,-8.8
0.00428,-4,-9
0.00428,-6.4,-8.8
0.00429,-4.8,-8.8
0.00429,-4.8,-8.8
0.0043,-4.8,-8.8
0.0043,-4.8,-8.8
0.0043,-1.6,-9
0.00431,-3.2,-9
0.00431,-3.2,-9
0.00432,-2.4,-9
0.00432,-2.4,-8.8
0.00432,-1.6,-9
0.00434,0.8,-8.8
0.00434,0.8,-9
0.00434,2.4,-8.8
0.00435,2.4,-8.8
0.00435,4.8,-9
0.00436,3.2,-8.8
0.00436,4.8,-9
0.00436,4,-8.8
0.00437,6.4,-8.8
0.00437,7.2,-8.8
0.00438,7.2,-8.8
0.00438,7.2,-9
0.00438,8.8,-9
0.00439,9.6,-9
0.00439,8.8,-8.8
0.0044,9.6,-9
0.0044,10.4,-8.8
0.0044,9.6,-9
0.00441,12,-9
0.00441,11.2,-9
0.00441,12,-9
0.00442,12,-8.8
0.00442,12,-8.6
0.00443,12,-9
0.00443,12.8,-8.8
0.00444,13.6,-9
0.00444,15.2,-9
0.00444,16,-9
0.00445,15.2,-8.8
0.00445,15.2,-9
0.00445,15.2,-9
0.00446,17.6,-8.8
0.00446,16.8,-8.8
0.00447,16.8,-8.8
0.00447,17.6,-8.8
0.00448,19.2,-9
0.00448,18.4,-8.8
0.00448,20.8,-8.8
0.00449,21.6,-9
0.00449,21.6,-9
0.00449,21.6,-9
0.0045,23.2,-9
0.0045,24,-9
0.00451,24.8,-9
0.00451,23.2,-8.8
0.00451,25.6,-9
0.00452,25.6,-9
0.00452,27.2,-8.8
0.00453,25.6,-8.8
0.00453,26.4,-8.8
0.00454,26.4,-8.8
0.00454,27.2,-8.8
0.00454,29.6,-9
0.00455,28.8,-8.8
0.00455,30.4,-8.8
0.00456,28,-8.8
0.00456,30.4,-9
0.00456,31.2,-9
0.00457,31.2,-9
0.00457,30.4,-8.8
0.00458,32.8,-9
0.00458,32,-9
0.00458,34.4,-8.8
0.00459,34.4,-9
0.00459,35.2,-8.8
0.0046,35.2,-9
0.0046,36.8,-8.8
0.0046,36.8,-8.8
0.00461,38.4,-9
0.00461,38.4,-9
0.00462,40,-9
0.00462,40,-8.8
0.00462,41.6,-9
0.00463,40.8,-9
0.00463,42.4,-8.8
0.00464,43.2,-9
0.00464,43.2,-9
0.00464,44,-9
0.00465,44,-9
0.00465,44.8,-9
0.00466,45.6,-8.8
0.00466,44,-8.8
0.00466,44,-8.8
0.00467,44,-9
0.00467,45.6,-9
0.00468,44.8,-9
0.00468,44.8,-8.8
0.00468,47.2,-9
0.00469,46.4,-9
0.00469,46.4,-9
0.0047,45.6,-9
0.0047,45.6,-8.8
0.0047,44.8,-9
0.00471,46.4,-9
0.00471,44.8,-9
0.00471,47.2,-9
0.00472,46.4,-9
0.00472,46.4,-9.2
0.00473,46.4,-9
0.00473,48.8,-8.6
0.00473,47.2,-9
0.00474,48,-9
0.00474,46.4,-8.8
0.00475,49.6,-9
0.00475,48,-9
0.00475,49.6,-9
0.00476,48,-9
0.00476,49.6,-9
0.00477,49.6,-9
0.00477,50.4,-9
0.00477,48.8,-9
0.00478,49.6,-8.8
0.00478,49.6,-8.8
0.00479,50.4,-8.8
0.00479,49.6,-9
0.00479,49.6,-9
0.0048,49.6,-9
0.0048,50.4,-8.8
0.00481,50.4,-9
0.00481,49.6,-9
0.00481,49.6,-8.8
0.00482,49.6,-8.8
0.00482,49.6,-9
0.00483,49.6,-9
0.00483,50.4,-8.8
0.00483,48.8,-9
0.00484,49.6,-9
0.00484,48.8,-8.8
0.00485,48.8,-9
0.00485,48.8,-9
0.00485,49.6,-9
0.00486,49.6,-9
0.00486,48.8,-9.2
0.00487,48.8,-9
0.00487,48.8,-9
0.00488,49.6,-8.8
0.00488,49.6,-8.8
0.00488,48.8,-9
0.00489,49.6,-9
0.00489,48.8,-9
0.0049,48.8,-9
0.0049,48,-8.8
0.0049,48,-9
0.00491,47.2,-9
0.00491,48,-8.8
0.00492,48.8,-9
0.00492,48,-9
0.00492,48,-9
0.00493,46.4,-9
0.00493,47.2,-9
0.00494,46.4,-8.8
0.00494,46.4,-8.8
0.00494,44.8,-9
0.00495,45.6,-9
0.00495,44,-9
0.00496,42.4,-9
0.00496,44,-9
0.00496,43.2,-9
0.00497,43.2,-9
0.00497,43.2,-8.8
0.00498,40.8,-8.8
0.00498,41.6,-9
0.00498,40,-9
0.00499,41.6,-8.8
0.00499,40,-9
0.005,40.8,-9
0.005,39.2,-9
0.005,37.6,-9
0.00501,38.4,-8.8
0.00501,37.6,-8.8
0.00502,36,-9
0.00502,37.6,-9
0.00502,36.8,-9
0.00503,36.8,-9
0.00503,35.2,-9
0.00504,37.6,-9
0.00504,35.2,-9
0.00504,34.4,-9
0.00505,34.4,-9
0.00505,35.2,-9
0.00505,36,-8.8
0.00506,34.4,-9
0.00506,34.4,-9
0.00507,33.6,-9
0.00507,34.4,-9
0.00507,34.4,-9
0.00508,34.4,-8.8
0.00508,33.6,-9
0.00509,32.8,-9
0.00509,32.8,-9
0.00509,34.4,-8.8
0.0051,34.4,-9
0.0051,32.8,-9
0.00511,34.4,-9
0.00511,35.2,-9
0.00511,34.4,-9
0.00512,38.4,-8.8
0.00512,38.4,-9
0.00513,40,-9
0.00513,40,-9
0.00513,42.4,-9
0.00514,40,-8.8
0.00514,45.6,-9
0.00515,45.6,-9
0.00515,48.8,-8.8
0.00515,49.6,-9
0.00516,51.2,-9
0.00516,52.8,-9
0.00517,54.4,-9
0.00517,55.2,-9
0.00517,57.6,-9
0.00518,60,-8.8
0.00518,61.6,-8.8
0.00519,63.2,-9
0.00519,66.4,-9
0.0052,66.4,-9
0.0052,68.8,-8.6
0.0052,70.4,-9
0.00521,70.4,-9
0.00521,72,-9
0.00522,72.8,-9
0.00522,73.6,-9
0.00522,74.4,-9
0.00523,75.2,-9
0.00523,76.8,-9
0.00524,78.4,-9.2
0.00524,76.8,-9
0.00524,77.6,-9
0.00525,76.8,-9
0.00525,79.2,-8.8
0.00526,78.4,-8.8
0.00526,79.2,-9
0.00526,77.6,-8.8
0.00527,79.2,-8.8
0.00527,77.6,-8.8
0.00528,77.6,-8.8
0.00528,75.2,-8.8
0.00528,75.2,-8.8
0.00529,75.2,-9
0.00529,74.4,-8.8
0.0053,72.8,-9
0.0053,72.8,-9
0.0053,71.2,-9
0.00531,68.8,-9
0.00531,68,-9
0.00532,68,-9
0.00532,64.8,-9
0.00532,64,-8.8
0.00533,62.4,-8.8
0.00533,60,-9
0.00534,59.2,-8.8
0.00534,56.8,-8.8
0.00534,54.4,-8.8
0.00535,52.8,-8.8
0.00535,52,-9
0.00536,49.6,-8.8
0.00536,48,-8.8
0.00536,44,-9
0.00537,42.4,-8.8
0.00537,40,-9
0.00537,40.8,-9
0.00538,37.6,-8.8
0.00538,36.8,-9
0.00539,36,-8.6
0.00539,34.4,-9
0.0054,31.2,-8.8
0.0054,30.4,-8.8
0.0054,28.8,-9
0.00541,28,-9
0.00541,27.2,-9
0.00541,25.6,-9
0.00542,23.2,-9
0.00542,24.8,-9
0.00543,22.4,-8.8
0.00543,21.6,-8.8
0.00544,21.6,-8.8
0.00544,22.4,-9
0.00544,21.6,-9
0.00545,20,-8.8
0.00545,20,-9
0.00545,18.4,-9
0.00546,17.6,-9
0.00546,19.2,-8.8
0.00547,18.4,-9
0.00547,17.6,-8.8
0.00548,16.8,-9
0.00548,15.2,-9
0.00548,15.2,-9
0.00549,14.4,-9
0.00549,15.2,-9
0.00549,14.4,-8.8
0.0055,13.6,-8.8
0.0055,12.8,-8.8
0.00551,12,-8.8
0.00551,11.2,-8.8
0.00551,11.2,-9
0.00552,9.6,-8.8
0.00552,11.2,-8.8
0.00553,8.8,-9
0.00553,7.2,-8.8
0.00554,6.4,-8.8
0.00554,7.2,-9
0.00554,5.6,-8.8
0.00555,4,-8.8
0.00555,2.4,-9
0.00556,2.4,-8.8
0.00556,1.6,-8.8
0.00557,-3.2,-9
0.00557,-2.4,-9
0.00558,-3.2,-8.8
0.00558,-4,-8.8
0.00558,-4.8,-8.8
0.00559,-6.4,-8.8
0.00559,-6.4,-8.8
0.0056,-7.2,-9
0.0056,-8,-9
0.0056,-8.8,-9
0.00561,-10.4,-8.8
0.00561,-11.2,-8.8
0.00562,-12,-8.8
0.00562,-12.8,-9
0.00562,-13.6,-9
0.00563,-14.4,-9
0.00563,-14.4,-9
0.00564,-15.2,-9
0.00564,-15.2,-9
0.00564,-16,-9
0.00565,-17.6,-8.8
0.00565,-18.4,-8.8
0.00566,-16.8,-8.8
0.00566,-18.4,-9
0.00566,-19.2,-9
0.00567,-21.6,-8.6
0.00567,-19.2,-9
0.00568,-20,-9
0.00568,-20,-8.8
0.00568,-21.6,-8.8
0.00569,-21.6,-8.8
0.00569,-21.6,-9
0.0057,-21.6,-9
0.0057,-21.6,-9
0.0057,-20.8,-8.8
0.00571,-22.4,-9
0.00571,-20.8,-8.8
0.00571,-20.8,-9
0.00572,-20.8,-9
0.00572,-20.8,-9
0.00573,-19.2,-8.8
0.00573,-18.4,-9
0.00573,-18.4,-9
0.00574,-17.6,-8.8
0.00574,-16.8,-9
0.00575,-16,-9
0.00575,-16,-8.8
0.00575,-15.2,-9
0.00576,-16,-9
0.00576,-14.4,-8.8
0.00577,-13.6,-9
0.00577,-12.8,-9
0.00577,-15.2,-8.8
0.00578,-13.6,-9
0.00578,-11.2,-9
0.00579,-11.2,-9
0.00579,-12.8,-9
0.00579,-11.2,-8.8
0.0058,-13.6,-9
0.0058,-11.2,-9
0.00581,-12,-9
0.00581,-11.2,-8.8
0.00581,-11.2,-8.8
0.00582,-12,-9
0.00582,-12,-9
0.00583,-12,-9
0.00583,-12.8,-8.8
0.00583,-12,-9
0.00584,-11.2,-9
0.00584,-11.2,-9
0.00585,-12,-8.8
0.00585,-12,-8.8
0.00586,-12,-9
0.00586,-12.8,-8.8
0.00586,-12,-8.8
0.00587,-12.8,-8.8
0.00587,-11.2,-8.8
0.00588,-11.2,-8.8
0.00588,-12.8,-9
0.00588,-11.2,-9
0.00589,-12,-9
0.00589,-10.4,-9
0.0059,-9.6,-9
0.0059,-10.4,-8.8
0.0059,-9.6,-8.8
0.00591,-11.2,-8.8
0.00591,-9.6,-8.8
0.00592,-11.2,-9
0.00592,-9.6,-9
0.00592,-6.4,-8.8
0.00593,-9.6,-9
0.00593,-8,-9
0.00594,-7.2,-9
0.00594,-8,-8.8
0.00594,-6.4,-8.8
0.00595,-7.2,-9
0.00595,-5.6,-8.8
0.00596,-4.8,-9
0.00596,-4.8,-9
0.00596,-5.6,-8.8
0.00597,-4.8,-9
0.00597,-5.6,-9
0.00598,-4,-9
0.00598,-2.4,-9
0.00598,-3.2,-9
0.00599,-2.4,-8.8
0.00599,-2.4,-8.8
0.006,-0.8,-9
0.006,-0.8,-9
0.006,-0.8,-8.8
0.00601,1.6,-8.8
0.00601,0.8,-9
0.00602,2.4,-9
0.00602,2.4,-8.8
0.00602,2.4,-9
0.00603,4,-8.8
0.00603,4.8,-9
0.00604,7.2,-9
0.00604,6.4,-8.8
0.00604,8,-9
0.00605,8,-8.8
0.00605,8.8,-9
0.00605,8.8,-9
0.00606,11.2,-9
0.00606,9.6,-9
0.00607,12,-9
0.00607,12,-8.8
0.00607,12.8,-9
0.00608,12,-8.8
0.00608,14.4,-8.8
0.00609,13.6,-9
0.00609,15.2,-9
0.00609,15.2,-8.8
0.0061,14.4,-9
0.0061,15.2,-9
0.00611,15.2,-8.8
0.00611,16,-8.8
0.00611,16,-9
0.00612,16,-9
0.00612,17.6,-8.8
0.00613,17.6,-8.8
0.00613,18.4,-8.8
0.00613,18.4,-9
0.00614,18.4,-8.8
0.00614,20,-9
0.00615,20,-8.8
0.00615,21.6,-8.8
0.00615,23.2,-8.8
0.00616,22.4,-9
0.00616,23.2,-9
0.00617,24,-9
0.00617,24.8,-8.8
0.00617,25.6,-9
0.00618,26.4,-9
0.00618,27.2,-9
0.00619,26.4,-9
0.00619,28,-9
0.0062,29.6,-9
0.0062,28.8,-9
0.0062,29.6,-9
0.00621,31.2,-9
0.00621,31.2,-9
0.00622,32,-9
0.00622,31.2,-8.8
0.00622,33.6,-9
0.00623,34.4,-9
0.00623,34.4,-9
0.00624,34.4,-9
0.00624,36,-8.8
0.00624,36.8,-9
0.00625,37.6,-9
0.00625,36.8,-8.8
0.00626,38.4,-8.8
0.00626,38.4,-9
0.00626,39.2,-9
0.00627,39.2,-9
0.00627,39.2,-8.8
0.00628,41.6,-9
0.00628,41.6,-9
0.00628,43.2,-9
0.00629,43.2,-9
0.00629,43.2,-9
0.0063,44,-9
0.0063,46.4,-8.8
0.0063,46.4,-9
0.00631,48.8,-9
0.00631,47.2,-9.2
0.00632,48,-9
0.00632,48,-9
0.00632,49.6,-9
0.00633,48.8,-8.8
0.00633,48.8,-9
0.00634,48,-9
0.00634,51.2,-9
0.00634,50.4,-9
0.00635,51.2,-8.8
0.00635,50.4,-9
0.00636,51.2,-8.8
0.00636,50.4,-9
0.00636,50.4,-9
0.00637,50.4,-9
0.00637,51.2,-9
0.00637,50.4,-9
0.00638,51.2,-8.8
0.00638,49.6,-8.8
0.00639,50.4,-8.8
0.00639,50.4,-8.8
0.0064,50.4,-8.8
0.0064,52,-9
0.0064,51.2,-9
0.00641,52,-9
0.00641,51.2,-8.8
0.00641,51.2,-9
0.00642,50.4,-8.8
0.00642,51.2,-9
0.00643,49.6,-9
0.00643,50.4,-9
0.00644,49.6,-8.8
0.00644,51.2,-8.8
0.00644,50.4,-9
0.00645,50.4,-8.8
0.00645,50.4,-9
0.00645,51.2,-9
0.00646,52,-8.8
0.00646,52.8,-9
0.00647,50.4,-8.8
0.00647,52,-9
0.00648,51.2,-9
0.00648,52,-9
0.00648,52.8,-9
0.00649,52.8,-8.8
0.00649,51.2,-9.2
0.00649,52.8,-9
0.0065,51.2,-9
0.0065,52.8,-9
0.00651,52.8,-8.8
0.00651,52.8,-9
0.00652,52.8,-9
0.00652,52.8,-9
0.00652,52.8,-9
0.00653,52.8,-9
0.00653,52.8,-8.8
0.00654,52.8,-8.8
0.00654,52.8,-9
0.00654,52,-9
0.00655,52.8,-9
0.00655,52.8,-9
0.00656,52.8,-9
0.00656,52.8,-9
0.00656,53.6,-9
0.00657,52.8,-8.8
0.00657,52.8,-8.8
0.00658,52,-8.6
0.00658,52.8,-8.8
0.00658,52,-8.8
0.00659,52.8,-9
0.00659,52.8,-8.8
0.0066,52.8,-9
0.0066,51.2,-9
0.0066,52,-8.8
0.00661,52.8,-8.8
0.00661,52.8,-8.8
0.00662,52,-9
0.00662,52.8,-9
0.00662,51.2,-8.8
0.00663,52,-8.8
0.00663,51.2,-8.8
0.00664,52,-9
0.00664,51.2,-9
0.00664,49.6,-9
0.00665,50.4,-9
0.00665,50.4,-9
0.00666,49.6,-9
0.00666,48.8,-9
0.00666,48,-9
0.00667,47.2,-9
0.00667,46.4,-9
0.00668,47.2,-9
0.00668,47.2,-9
0.00668,46.4,-9
0.00669,46.4,-9
0.00669,43.2,-9
0.0067,44,-8.8
0.0067,44,-8.8
0.0067,43.2,-9
0.00671,42.4,-9
0.00671,43.2,-8.8
0.00671,40,-9
0.00672,41.6,-9
0.00672,40.8,-9
0.00673,42.4,-8.8
0.00673,39.2,-8.8
0.00673,40.8,-9
0.00674,39.2,-9
0.00674,38.4,-9
0.00675,38.4,-8.8
0.00675,38.4,-9
0.00675,37.6,-8.8
0.00676,38.4,-9
0.00676,38.4,-9
0.00677,37.6,-8.8
0.00677,36,-9
0.00677,36.8,-9
0.00678,36.8,-9
0.00678,36,-8.8
0.00679,35.2,-9
0.00679,34.4,-8.6
0.00679,34.4,-9
0.0068,32.8,-9
0.0068,32.8,-9
0.00681,33.6,-9
0.00681,32.8,-9
0.00681,31.2,-9
0.00682,32,-8.8
0.00682,31.2,-9
0.00683,32,-9
0.00683,29.6,-8.8
0.00683,30.4,-9
0.00684,30.4,-8.8
0.00684,29.6,-9
0.00685,28,-8.8
0.00685,28.8,-9
0.00686,27.2,-9
0.00686,28,-8.8
0.00686,26.4,-9
0.00687,27.2,-8.8
0.00687,25.6,-9
0.00688,27.2,-9
0.00688,25.6,-9
0.00688,25.6,-8.8
0.00689,24,-9
0.00689,24,-9
0.0069,23.2,-9
0.0069,22.4,-8.8
0.0069,22.4,-9
0.00691,22.4,-9
0.00691,20,-8.8
0.00692,19.2,-9
0.00692,20,-8.8
0.00692,19.2,-9
0.00693,17.6,-9
0.00693,18.4,-9
0.00694,17.6,-9
0.00694,16.8,-9
0.00694,16,-9
0.00695,16,-9
0.00695,16,-9
0.00696,15.2,-8.8
0.00696,14.4,-9
0.00696,14.4,-9
0.00697,14.4,-9
0.00697,12,-9
0.00698,12,-9
0.00698,12,-9
0.00698,12,-8.8
0.00699,11.2,-8.8
0.00699,12,-9
0.007,10.4,-9
0.007,12,-9
0.007,8.8,-9
0.00701,11.2,-9
0.00701,8.8,-9
0.00702,10.4,-8.8
0.00702,8,-9
0.00702,8.8,-9
0.00703,8,-8.8
0.00703,8.8,-8.8
0.00703,7.2,-8.8
0.00704,8,-8.8
0.00704,7.2,-9
0.00705,7.2,-9
0.00705,7.2,-9
0.00705,8.8,-9
0.00706,8.8,-9
0.00706,7.2,-9
0.00707,8.8,-9
0.00707,7.2,-9
0.00707,6.4,-9
0.00708,7.2,-9
0.00708,8,-9
0.00709,8,-9
0.00709,8,-9
0.00709,8,-9
0.0071,8.8,-8.8
0.0071,8,-8.8
0.00711,6.4,-9
0.00711,5.6,-9
0.00711,6.4,-9
0.00712,6.4,-8.8
0.00712,6.4,-9
0.00713,4.8,-8.8
0.00713,5.6,-9
0.00713,5.6,-9
0.00714,6.4,-8.8
0.00714,4.8,-8.8
0.00715,6.4,-8.8
0.00715,4.8,-9
0.00715,4.8,-9
0.00716,4.8,-9
0.00716,5.6,-8.8
0.00717,4,-9
0.00717,4.8,-8.8
0.00718,4,-9
0.00718,7.2,-9
0.00718,5.6,-9
0.00719,6.4,-8.8
0.00719,6.4,-9
0.0072,6.4,-8.8
0.0072,6.4,-9
0.0072,5.6,-9
0.00721,5.6,-9
0.00721,7.2,-9
0.00722,5.6,-9
0.00722,5.6,-8.6
0.00722,6.4,-9
0.00723,5.6,-9
0.00723,6.4,-8.8
0.00724,7.2,-9
0.00724,6.4,-9
0.00724,5.6,-9
0.00725,7.2,-8.8
0.00725,6.4,-8.8
0.00726,8,-9
0.00726,6.4,-9
0.00726,8,-9
0.00727,4.8,-8.8
0.00727,8,-9
0.00728,7.2,-9
0.00728,8.8,-8.8
0.00728,7.2,-8.8
0.00729,8.8,-9
0.00729,8.8,-9
0.0073,9.6,-9
0.0073,8.8,-8.8
0.0073,8.8,-9
0.00731,10.4,-9
0.00731,10.4,-9
0.00732,9.6,-9
0.00732,10.4,-9
0.00732,12,-9
0.00733,10.4,-9
0.00733,10.4,-9
0.00734,12,-8.8
0.00734,12,-9
0.00734,12,-8.8
0.00735,12.8,-8.6
0.00735,12,-9
0.00736,13.6,-9
0.00736,12.8,-9
0.00736,12.8,-9
0.00737,12.8,-8.8
0.00737,14.4,-9
0.00737,12.8,-8.8
0.00738,15.2,-8.8
0.00738,12.8,-9
0.00739,15.2,-8.8
0.00739,15.2,-8.8
0.0074,14.4,-8.8
0.0074,14.4,-9
0.0074,16.8,-9
0.00741,16,-9
0.00741,16.8,-8.8
0.00741,16.8,-8.8
0.00742,18.4,-9
0.00742,18.4,-9
0.00743,20,-9.2
0.00743,18.4,-9
0.00744,19.2,-8.8
0.00744,20,-9
0.00744,21.6,-8.8
0.00745,20,-9
0.00745,20.8,-8.8
0.00745,20.8,-8.8
0.00746,22.4,-8.8
0.00746,21.6,-9
0.00747,22.4,-9
0.00747,23.2,-9
0.00748,22.4,-8.8
0.00748,22.4,-8.8
0.00748,23.2,-8.8
0.00749,24,-9
0.00749,24,-9
0.00749,25.6,-9
0.0075,25.6,-8.6
0.0075,26.4,-9
0.00751,25.6,-8.8
0.00751,27.2,-9
0.00752,26.4,-9
0.00752,27.2,-8.8
0.00752,28,-8.8
0.00753,28,-9
0.00753,27.2,-8.8
0.00754,28.8,-8.8
0.00754,28.8,-9.2
0.00754,30.4,-8.8
0.00755,30.4,-9
0.00755,30.4,-9
0.00756,30.4,-9
0.00756,31.2,-9
0.00756,31.2,-9
0.00757,32,-9
0.00757,31.2,-8.8
0.00758,32.8,-9
0.00758,32,-9
0.00758,32.8,-9
0.00759,33.6,-8.8
0.00759,33.6,-9
0.0076,33.6,-9
0.0076,32.8,-8.8
0.0076,34.4,-8.8
0.00761,33.6,-9
0.00761,33.6,-9
0.00762,32.8,-8.8
0.00762,35.2,-9
0.00762,35.2,-9
0.00763,35.2,-8.8
0.00763,34.4,-8.8
0.00764,36,-9
0.00764,36.8,-9
0.00764,36.8,-8.8
0.00765,36.8,-9
0.00765,37.6,-9
0.00766,37.6,-9
0.00766,38.4,-9
0.00766,37.6,-9
0.00767,38.4,-9
0.00767,37.6,-8.8
0.00768,39.2,-9
0.00768,38.4,-8.8
0.00768,40,-8.8
0.00769,40,-8.8
0.00769,40.8,-9
0.00769,39.2,-8.8
0.0077,40.8,-8.8
0.0077,40,-9
0.00771,40,-8.8
0.00771,40,-9
0.00771,40,-8.8
0.00772,39.2,-8.8
0.00772,38.4,-8.8
0.00773,40,-9
0.00773,40.8,-8.8
0.00773,38.4,-8.8
0.00774,39.2,-9
0.00774,40.8,-8.8
0.00775,38.4,-8.8
0.00775,40,-8.8
0.00775,40,-9
0.00776,38.4,-8.8
0.00776,39.2,-9
0.00777,40,-9
0.00777,38.4,-9
0.00777,39.2,-9
0.00778,39.2,-8.8
0.00778,40,-8.8
0.00779,38.4,-8.8
0.00779,39.2,-9
0.00779,40,-9
0.0078,40.8,-8.8
0.0078,40,-9
0.00781,40.8,-8.8
0.00781,40.8,-9
0.00781,40.8,-8.8
0.00782,40,-9
0.00782,40.8,-9
0.00783,40,-9
0.00783,41.6,-8.8
0.00784,41.6,-9
0.00784,40,-8.8
0.00784,40.8,-8.8
0.00785,40.8,-9
0.00785,40.8,-9
0.00785,41.6,-8.8
0.00786,40.8,-9
0.00786,41.6,-8.6
0.00787,41.6,-9
0.00787,41.6,-9
0.00788,40,-9
0.00788,40,-8.8
0.00788,46.4,-8.8
0.00789,39.2,-9
0.00789,40.8,-8.8
0.0079,40,-9
0.0079,40,-8.8
0.0079,40,-9
0.00791,40.8,-9
0.00791,40,-9
0.00792,41.6,-9
0.00792,40,-8.8
0.00792,41.6,-9
0.00793,40,-8.8
0.00793,38.4,-8.8
0.00794,40,-9
0.00794,38.4,-9
0.00794,37.6,-9
0.00795,40,-8.8
0.00795,40,-9
0.00796,39.2,-8.8
0.00796,38.4,-8.8
0.00796,38.4,-8.8
0.00797,36.8,-8.8
0.00797,37.6,-8.8
0.00798,36,-9
0.00798,36,-9
0.00798,36.8,-9
0.00799,35.2,-8.8
0.00799,35.2,-8.8
0.008,34.4,-8.8
0.008,34.4,-8.8
0.008,34.4,-9
0.00801,35.2,-9
0.00801,35.2,-8.8
0.00802,32.8,-9
0.00802,33.6,-8.8
0.00802,32.8,-9
0.00803,32.8,-9
0.00803,32.8,-9
0.00804,32.8,-9
0.00804,32.8,-9
0.00804,32,-9.2
0.00805,31.2,-8.8
0.00805,30.4,-9
0.00805,32,-9
0.00806,31.2,-8.8
0.00806,32.8,-9
0.00807,29.6,-9
0.00807,30.4,-9
0.00807,31.2,-9
0.00808,30.4,-9
0.00808,29.6,-8.8
0.00809,31.2,-9
0.00809,29.6,-9
0.0081,29.6,-9
0.0081,29.6,-9
0.0081,29.6,-9
0.00811,28.8,-8.8
0.00811,28.8,-9
0.00812,28.8,-9
0.00812,27.2,-8.8
0.00812,27.2,-8.8
0.00813,25.6,-8.8
0.00813,25.6,-9
0.00813,24.8,-9
0.00814,24.8,-9
0.00814,22.4,-8.6
0.00815,23.2,-9
0.00815,21.6,-9
0.00815,20,-9
0.00816,18.4,-9
0.00816,19.2,-9
0.00817,16.8,-8.8
0.00817,16,-9
0.00818,12.8,-8.8
0.00818,13.6,-8.8
0.00818,12,-8.8
0.00819,10.4,-9
0.00819,8,-9
0.00819,7.2,-8.8
0.0082,5.6,-8.8
0.0082,4,-9
0.00821,1.6,-8.8
0.00822,-3.2,-8.8
0.00822,-4,-9
0.00822,-5.6,-9
0.00823,-6.4,-8.8
0.00823,-9.6,-9
0.00823,-9.6,-8.8
0.00824,-12.8,-9
0.00824,-13.6,-8.8
0.00825,-16,-8.8
0.00825,-16.8,-9
0.00826,-17.6,-9
0.00826,-20.8,-9
0.00826,-21.6,-9.2
0.00827,-23.2,-9
0.00827,-24,-8.8
0.00827,-25.6,-9
0.00828,-26.4,-9
0.00828,-27.2,-9
0.00829,-28,-8.8
0.00829,-30.4,-8.8
0.0083,-29.6,-9.2
0.0083,-30.4,-9
0.0083,-30.4,-9
0.00831,-32,-8.8
0.00831,-30.4,-8.8
0.00831,-32.8,-9
0.00832,-30.4,-8.8
0.00832,-32,-8.8
0.00833,-31.2,-9
0.00833,-32.8,-9
0.00834,-29.6,-9
0.00834,-30.4,-8.8
0.00834,-29.6,-9
0.00835,-31.2,-9.2
0.00835,-28.8,-8.8
0.00835,-30.4,-9
0.00836,-28.8,-8.8
0.00836,-28,-9
0.00837,-27.2,-9
0.00837,-26.4,-8.8
0.00838,-24.8,-9
0.00838,-23.2,-9
0.00838,-23.2,-9
0.00839,-21.6,-9
0.00839,-20,-9
0.00839,-19.2,-8.8
0.0084,-18.4,-9
0.0084,-16.8,-9
0.00841,-16.8,-8.8
0.00841,-13.6,-9
0.00842,-16,-9
0.00842,-12.8,-8.8
0.00842,-12.8,-8.8
0.00843,-9.6,-9
0.00843,-10.4,-9
0.00843,-8,-9
0.00844,-7.2,-9
0.00844,-5.6,-8.8
0.00845,-6.4,-9
0.00845,-3.2,-8.8
0.00846,-4.8,-9
0.00846,-0.8,-9
0.00846,-2.4,-8.8
0.00847,-1.6,-8.8
0.00847,0.8,-8.8
0.00848,1.6,-9
0.00848,1.6,-8.8
0.00849,2.4,-9
0.00849,4,-8.8
0.0085,3.2,-9
0.0085,5.6,-9
0.0085,3.2,-9
0.00851,5.6,-8.8
0.00851,6.4,-8.8
0.00852,6.4,-8.8
0.00852,6.4,-9
0.00852,8,-9
0.00853,8,-9
0.00853,9.6,-9
0.00853,8.8,-9
0.00854,9.6,-8.8
0.00854,12,-8.8
0.00855,12,-9
0.00855,12.8,-9
0.00856,13.6,-8.8
0.00856,15.2,-9
0.00856,16.8,-9
0.00857,17.6,-9
0.00857,16.8,-9
0.00858,18.4,-8.8
0.00858,19.2,-8.8
0.00858,19.2,-9
0.00859,21.6,-9
0.00859,23.2,-9
0.0086,22.4,-8.8
0.0086,23.2,-8.8
0.0086,21.6,-9
0.00861,27.2,-8.8
0.00861,24,-9
0.00861,28,-8.8
0.00862,28.8,-9
0.00862,31.2,-9
0.00863,31.2,-9
0.00863,31.2,-9
0.00864,27.2,-8.8
0.00864,33.6,-9
0.00864,35.2,-9
0.00865,36,-8.8
0.00865,36,-8.8
0.00865,39.2,-8.8
0.00866,38.4,-9
0.00866,40.8,-8.8
0.00867,41.6,-9
0.00867,43.2,-9
0.00868,44,-9
0.00868,43.2,-9
0.00868,55.2,-8.8
0.00869,42.4,-9
0.00869,47.2,-9
0.00869,47.2,-9
0.0087,49.6,-9
0.0087,49.6,-9
0.00871,50.4,-9
0.00871,52.8,-8.8
0.00872,52,-9
0.00872,52,-9
0.00872,53.6,-9
0.00873,53.6,-8.8
0.00873,58.4,-9
0.00873,52.8,-8.8
0.00874,56.8,-9
0.00874,52.8,-8.8
0.00875,56.8,-9
0.00875,54.4,-9
0.00876,56.8,-9
0.00876,55.2,-9
0.00876,56,-9
0.00877,56,-9
0.00877,57.6,-9
0.00877,56,-9
0.00878,56.8,-9
0.00878,56.8,-8.8
0.00879,55.2,-8.8
0.00879,56,-8.8
0.0088,57.6,-8.8
0.0088,57.6,-9
0.0088,56,-9
0.00881,56.8,-8.8
0.00881,56.8,-9
0.00881,57.6,-9
0.00882,56.8,-9
0.00882,57.6,-9
0.00883,56.8,-9
0.00883,57.6,-9
0.00884,58.4,-9
0.00884,57.6,-9
0.00884,57.6,-9
0.00885,59.2,-9
0.00885,58.4,-9
0.00886,57.6,-8.8
0.00886,56.8,-9
0.00886,58.4,-9
0.00887,57.6,-9
0.00887,59.2,-9
0.00887,56.8,-8.8
0.00888,58.4,-8.8
0.00888,59.2,-9
0.00889,59.2,-8.8
0.00889,59.2,-9
0.0089,59.2,-9
0.0089,59.2,-9
0.0089,59.2,-8.8
0.00891,59.2,-9
0.00891,59.2,-9
0.00892,58.4,-9
0.00892,59.2,-9
0.00892,60,-9
0.00893,59.2,-9
0.00893,59.2,-9
0.00894,60,-9
0.00894,60,-9
0.00894,59.2,-9
0.00895,60,-8.8
0.00895,59.2,-8.8
0.00895,60,-8.8
0.00896,59.2,-8.8
0.00896,58.4,-9
0.00897,59.2,-9
0.00897,59.2,-8.8
0.00898,59.2,-9
0.00898,58.4,-9
0.00898,57.6,-9
0.00899,59.2,-9
0.00899,59.2,-8.8
0.009,59.2,-9
0.009,56,-8.8
0.009,59.2,-8.8
0.00901,56,-8.8
0.00901,56.8,-8.8
0.00902,56.8,-9
0.00902,58.4,-8.8
0.00902,56,-9
0.00903,56,-8.8
0.00903,55.2,-9
0.00903,56,-9
0.00904,56,-8.8
0.00904,55.2,-9
0.00905,53.6,-9
0.00905,53.6,-8.8
0.00906,54.4,-8.8
0.00906,53.6,-9
0.00906,52.8,-9
0.00907,52.8,-8.8
0.00907,52.8,-8.8
0.00908,52.8,-9
0.00908,53.6,-8.8
0.00908,52,-9
0.00909,52,-8.8
0.00909,52.8,-9
0.0091,51.2,-9
0.0091,51.2,-9
0.0091,50.4,-9
0.00911,49.6,-8.8
0.00911,49.6,-9
0.00911,49.6,-9
0.00912,49.6,-8.8
0.00912,47.2,-9
0.00913,48.8,-8.8
0.00913,46.4,-9
0.00914,48,-8.8
0.00914,46.4,-8.8
0.00914,47.2,-8.8
0.00915,45.6,-9
0.00915,45.6,-9
0.00915,46.4,-9
0.00916,46.4,-8.8
0.00916,45.6,-8.8
0.00917,45.6,-9
0.00917,44,-9
0.00918,45.6,-8.8
0.00918,44,-9
0.00918,43.2,-8.8
0.00919,43.2,-9
0.00919,43.2,-8.8
0.0092,42.4,-9
0.0092,42.4,-9
0.0092,42.4,-9
0.00921,43.2,-8.8
0.00921,42.4,-9
0.00921,41.6,-9
0.00922,41.6,-8.8
0.00922,40.8,-9
0.00923,42.4,-9
0.00923,40,-9
0.00924,41.6,-9
0.00924,39.2,-9
0.00924,38.4,-9
0.00925,38.4,-9
0.00925,38.4,-8.8
0.00925,36.8,-9
0.00926,37.6,-8.8
0.00926,36.8,-9
0.00927,36,-9
0.00927,35.2,-8.8
0.00928,36.8,-9
0.00928,34.4,-9
0.00928,35.2,-9
0.00929,33.6,-8.8
0.00929,34.4,-9
0.00929,33.6,-9
0.0093,32.8,-8.8
0.0093,32,-9
0.00931,31.2,-8.6
0.00931,30.4,-9
0.00932,31.2,-9
0.00932,30.4,-9
0.00932,30.4,-9
0.00933,28.8,-9
0.00933,28.8,-9.2
0.00933,28,-9
0.00934,28,-8.8
0.00934,28,-9
0.00935,27.2,-8.8
0.00935,27.2,-9
0.00936,25.6,-9
0.00936,25.6,-8.8
0.00936,24.8,-9
0.00937,24.8,-9
0.00937,24,-9
0.00937,24,-9
0.00938,23.2,-9
0.00938,23.2,-9
0.00939,21.6,-9
0.00939,22.4,-9
0.0094,20,-9
0.0094,20.8,-9
0.0094,19.2,-9
0.00941,20.8,-8.8
0.00941,19.2,-8.8
0.00942,19.2,-8.8
0.00942,18.4,-8.8
0.00942,17.6,-8.8
0.00943,18.4,-9
0.00943,16.8,-9
0.00944,17.6,-9
0.00944,16.8,-8.8
0.00944,16.8,-9
0.00945,17.6,-9
0.00945,16.8,-9
0.00945,16.8,-9
0.00946,16.8,-8.8
0.00946,16,-8.8
0.00947,17.6,-9
0.00947,15.2,-9
0.00948,15.2,-9
0.00948,13.6,-9
0.00948,14.4,-9
0.00949,15.2,-9
0.00949,13.6,-9
0.0095,15.2,-9
0.0095,15.2,-9
0.0095,12.8,-8.8
0.00951,14.4,-9
0.00951,14.4,-9
0.00951,14.4,-9
0.00952,12.8,-9
0.00952,13.6,-8.8
0.00953,12,-9
0.00953,12.8,-9
0.00954,11.2,-8.8
0.00954,12,-9
0.00954,12,-9
0.00955,11.2,-8.8
0.00955,10.4,-8.8
0.00955,9.6,-9
0.00956,9.6,-9
0.00956,10.4,-8.8
0.00957,9.6,-9
0.00957,8.8,-9
0.00958,9.6,-9
0.00958,9.6,-9
0.00958,8.8,-9
0.00959,8,-8.8
0.00959,9.6,-9
0.00959,8.8,-8.8
0.0096,7.2,-9
0.0096,7.2,-8.8
0.00961,6.4,-9
0.00961,8,-8.8
0.00962,8,-9
0.00962,6.4,-8.8
0.00962,7.2,-9
0.00963,6.4,-9
0.00963,6.4,-8.8
0.00963,5.6,-9
0.00964,8,-9
0.00964,5.6,-9
0.00965,6.4,-8.8
0.00965,6.4,-9
0.00966,6.4,-9
0.00966,4.8,-9
0.00966,5.6,-8.8
0.00967,5.6,-9
0.00967,6.4,-8.8
0.00967,5.6,-9
0.00968,6.4,-8.8
0.00968,4.8,-8.8
0.00969,5.6,-9
0.00969,3.2,-9
0.0097,5.6,-8.8
0.0097,4.8,-8.8
0.0097,4,-8.8
0.00971,4.8,-9
0.00971,4.8,-9
0.00971,6.4,-9
0.00972,4.8,-8.8
0.00972,5.6,-8.8
0.00973,4.8,-8.8
0.00973,4.8,-9.2
0.00974,5.6,-9
0.00974,6.4,-9
0.00974,6.4,-8.8
0.00975,6.4,-9
0.00975,6.4,-8.8
0.00975,6.4,-9
0.00976,6.4,-9
0.00976,7.2,-9
0.00977,7.2,-9
0.00977,8,-9
0.00978,7.2,-8.8
0.00978,8.8,-9
0.00978,8.8,-9
0.00979,8.8,-9
0.00979,8,-9
0.00979,8.8,-9
0.0098,8,-9
0.0098,9.6,-9
0.00981,8,-9
0.00981,11.2,-9
0.00982,8,-9
0.00982,9.6,-8.8
0.00982,9.6,-9
0.00983,10.4,-9
0.00983,9.6,-8.8
0.00984,11.2,-9
0.00984,10.4,-9
0.00984,12,-9
0.00985,9.6,-9
0.00985,12,-9
0.00985,10.4,-9
0.00986,10.4,-9
0.00986,11.2,-9
0.00987,12,-9
0.00987,11.2,-8.8
0.00988,12,-8.8
0.00988,12,-9
0.00988,12,-9
0.00989,12,-9
0.00989,12.8,-9
0.00989,13.6,-9
0.0099,12,-9
0.0099,12.8,-8.6
0.00991,12.8,-9
0.00991,14.4,-8.8
0.00992,13.6,-8.8
0.00992,13.6,-9
0.00992,15.2,-9
0.00993,15.2,-8.8
0.00993,15.2,-9
0.00993,16,-8.8
0.00994,13.6,-9
0.00994,16,-9
0.00995,16,-9
0.00995,16,-9
0.00996,16.8,-8.8
0.00996,17.6,-8.8
0.00996,16.8,-9
0.00997,16.8,-8.8
0.00997,16.8,-9
0.00997,19.2,-8.8
0.00998,19.2,-9
0.00998,18.4,-8.8
0.00999,19.2,-9
0.00999,19.2,-9
0.01,20,-8.8
