tiempo (s),señal CH1a (mV),señal CH1b (mV),señal CH2 (V)
-0.000001,24.8,25.6,-14.4
0.000003,23.2,25.6,-14.4
0.000007,24.8,28,-14.6
0.000011,23.2,25.6,-14.4
0.000015,24.8,25.6,-14.4
0.000019,23.2,25.6,-14.6
0.000023,24.8,27.2,-14.4
0.000027,24,25.6,-14.4
0.000031,24,28,-14.6
0.000035,24,26.4,-14.2
0.000039,24,28,-14.4
0.000043,24.8,26.4,-14.6
0.000047,24.8,27.2,-14.4
0.000051,24,27.2,-14.4
0.000055,22.4,28,-14.4
0.000059,23.2,28,-14.4
0.000063,24,28,-14.4
0.000067,24,27.2,-14.4
0.000071,21.6,28,-14.4
0.000075,22.4,27.2,-14.4
0.000079,24.8,28,-14.4
0.000083,24.8,28,-14.4
0.000087,24,28,-14.4
0.000091,24.8,28,-14.4
0.000095,24.8,29.6,-14.4
0.000099,24,28.8,-14.4
0.000103,24,29.6,-14.4
0.000107,24.8,29.6,-14.4
0.000111,24,28,-14.2
0.000115,23.2,28,-14.6
0.000119,24.8,28.8,-14.4
0.000123,24.8,28,-14.4
0.000127,24,28.8,-14.4
0.000131,24,28,-14.4
0.000135,22.4,27.2,-14.4
0.000139,24,28,-14.6
0.000143,23.2,28.8,-14.4
0.000147,24.8,28,-14.4
0.000151,23.2,27.2,-14.4
0.000155,24,28.8,-14.4
0.000159,24,26.4,-14.4
0.000163,24.8,26.4,-14.4
0.000167,24,26.4,-14.4
0.000171,23.2,27.2,-14.4
0.000175,24,25.6,-14.4
0.000179,24.8,27.2,-14.4
0.000183,24,24.8,-14.4
0.000187,23.2,26.4,-14.4
0.000191,22.4,26.4,-14.4
0.000195,22.4,27.2,-14.4
0.000199,23.2,25.6,-14.4
0.000203,23.2,27.2,-14.2
0.000207,24,24.8,-14.4
0.000211,24,24.8,-14.4
0.000215,23.2,24.8,-14.4
0.000219,23.2,25.6,-14.4
0.000223,23.2,24.8,-14.4
0.000227,23.2,24.8,-14.4
0.000231,24,24.8,-14.4
0.000235,24,25.6,-14.4
0.000239,24.8,24.8,-14.4
0.000243,23.2,25.6,-14.2
0.000247,24,26.4,-14.6
0.000251,24.8,24.8,-14.4
0.000255,24,26.4,-14.4
0.000259,24.8,25.6,-14.4
0.000263,25.6,25.6,-14.4
0.000267,24,25.6,-14.4
0.000271,24.8,25.6,-14.6
0.000275,24,26.4,-14.4
0.000279,24.8,26.4,-14.4
0.000283,24,25.6,-14.4
0.000287,24.8,24.8,-14.6
0.000291,25.6,24.8,-14.4
0.000295,26.4,24.8,-14.4
0.000299,24,25.6,-14.4
0.000303,24,27.2,-14.6
0.000307,25.6,26.4,-14.4
0.000311,24.8,26.4,-14.4
0.000315,24.8,25.6,-14.2
0.000319,25.6,27.2,-14.4
0.000323,26.4,25.6,-14.4
0.000327,25.6,27.2,-14.4
0.000331,25.6,27.2,-14.6
0.000335,25.6,26.4,-14.4
0.000339,26.4,26.4,-14.4
0.000343,26.4,28,-14.4
0.000347,26.4,26.4,-14.2
0.000351,25.6,26.4,-14.4
0.000355,25.6,27.2,-14.4
0.000359,26.4,28,-14.4
0.000363,25.6,28,-14.4
0.000367,26.4,27.2,-14.4
0.000371,26.4,27.2,-14.2
0.000375,27.2,28,-14.4
0.000379,27.2,27.2,-14.4
0.000383,27.2,28,-14.4
0.000387,26.4,28,-14.4
0.000391,27.2,28.8,-14.4
0.000395,27.2,27.2,-14.4
0.000399,25.6,28,-14.2
0.000403,27.2,28.8,-14.4
0.000407,24.8,27.2,-14.6
0.000411,25.6,27.2,-14.4
0.000415,25.6,26.4,-14.4
0.000419,27.2,27.2,-14.4
0.000423,25.6,27.2,-14.4
0.000427,25.6,28,-14.4
0.000431,25.6,26.4,-14.4
0.000435,26.4,27.2,-14.4
0.000439,24.8,28,-14.2
0.000443,26.4,27.2,-14.4
0.000447,24.8,26.4,-14.4
0.000451,25.6,27.2,-14.6
0.000455,24.8,26.4,-14.4
0.000459,24.8,27.2,-14.2
0.000463,24.8,26.4,-14.4
0.000467,25.6,27.2,-14.4
0.000471,24.8,26.4,-14.4
0.000475,25.6,28.8,-14.4
0.000479,24.8,28.8,-14.2
0.000483,24.8,28,-14.4
0.000487,24.8,25.6,-14.2
0.000491,24,28.8,-14.4
0.000495,24.8,27.2,-14.4
0.000499,24,28,-14.4
0.000503,24.8,26.4,-14.2
0.000507,24.8,27.2,-14.4
0.000511,24.8,28,-14.4
0.000515,24.8,26.4,-14.4
0.000519,25.6,25.6,-14.6
0.000523,24,28,-14.4
0.000527,24.8,27.2,-14.4
0.000531,24.8,27.2,-14.4
0.000535,24.8,28.8,-14.4
0.000539,24.8,27.2,-14.2
0.000543,24.8,28,-14.6
0.000547,24.8,27.2,-14.4
0.000551,25.6,28.8,-14.4
0.000555,24.8,27.2,-14.4
0.000559,24.8,28,-14.4
0.000563,25.6,28,-14.4
0.000567,24.8,27.2,-14.4
0.000571,24.8,26.4,-14.4
0.000575,24.8,27.2,-14.2
0.000579,24.8,27.2,-14.2
0.000583,25.6,26.4,-14.4
0.000587,24.8,27.2,-14.4
0.000591,25.6,28,-14.2
0.000595,25.6,26.4,-14.4
0.000599,24.8,28,-14.4
0.000603,24,25.6,-14.2
0.000607,24,26.4,-14.4
0.000611,24.8,25.6,-14.4
0.000615,24,27.2,-14.4
0.000619,24.8,24.8,-14.4
0.000623,24,26.4,-14.4
0.000627,24,27.2,-14.4
0.000631,24.8,28,-14.4
0.000635,23.2,26.4,-14.2
0.000639,23.2,25.6,-14.4
0.000643,24.8,26.4,-14.2
0.000647,24,27.2,-14.4
0.000651,23.2,28,-14.4
0.000655,24,26.4,-14.6
0.000659,24,26.4,-14.4
0.000663,23.2,26.4,-14.4
0.000667,24.8,26.4,-14.4
0.000671,24,26.4,-14.4
0.000675,24.8,27.2,-14.4
0.000679,23.2,26.4,-14.6
0.000683,24,26.4,-14.4
0.000687,24,25.6,-14.6
0.000691,24,27.2,-14.4
0.000695,23.2,26.4,-14.4
0.000699,24,28,-14.6
0.000703,24.8,25.6,-14.4
0.000707,24,27.2,-14.6
0.000711,23.2,27.2,-14.6
0.000715,24.8,27.2,-14.4
0.000719,24,26.4,-14.6
0.000723,24,27.2,-14.2
0.000727,24.8,27.2,-14.4
0.000731,24.8,27.2,-14.4
0.000735,24.8,27.2,-14.4
0.000739,24.8,27.2,-14.4
0.000743,24.8,24.8,-14.4
0.000747,24.8,25.6,-14.4
0.000751,24.8,25.6,-14.4
0.000755,24.8,26.4,-14.4
0.000759,24.8,24.8,-14.6
0.000763,24.8,27.2,-14.2
0.000767,24,26.4,-14.4
0.000771,24.8,26.4,-14.4
0.000775,24.8,25.6,-14.4
0.000779,24,24.8,-14.4
0.000783,24.8,24.8,-14.6
0.000787,24,24.8,-14.4
0.000791,24.8,25.6,-14.4
0.000795,24,24.8,-14.4
0.000799,25.6,24.8,-14.6
0.000803,24.8,26.4,-14.2
0.000807,25.6,25.6,-14.6
0.000811,25.6,25.6,-14.4
0.000815,24.8,25.6,-14.6
0.000819,24.8,24.8,-14.2
0.000823,24.8,25.6,-14.6
0.000827,24,25.6,-14.2
0.000831,24.8,28.8,-14.4
0.000835,24.8,24.8,-14.2
0.000839,25.6,25.6,-14.4
0.000843,24.8,24.8,-14.6
0.000847,24.8,26.4,-14.4
0.000851,24.8,25.6,-14.4
0.000855,24.8,25.6,-14.4
0.000859,24,24.8,-14.4
0.000863,24,26.4,-14.2
0.000867,24,24.8,-14.2
0.000871,24.8,25.6,-14.4
0.000875,24,24.8,-14.4
0.000879,24,27.2,-14.4
0.000883,24.8,25.6,-14.2
0.000887,24.8,26.4,-14.2
0.000891,23.2,24.8,-14.4
0.000895,24.8,24.8,-14.4
0.000899,24,26.4,-14.4
0.000903,24.8,27.2,-14.4
0.000907,24.8,24.8,-14.4
0.000911,24,27.2,-14.6
0.000915,24,27.2,-14.4
0.000919,24,24.8,-14.4
0.000923,24,25.6,-14.6
0.000927,24,26.4,-14.4
0.000931,23.2,26.4,-14.4
0.000935,23.2,25.6,-14.2
0.000939,22.4,25.6,-14.4
0.000943,22.4,24.8,-14.4
0.000947,22.4,25.6,-14.4
0.000951,23.2,24.8,-14.6
0.000955,24.8,27.2,-14.4
0.000959,22.4,26.4,-14.4
0.000963,24,27.2,-14.6
0.000967,23.2,25.6,-14.2
0.000971,22.4,26.4,-14.4
0.000975,23.2,24.8,-14.4
0.000979,23.2,27.2,-14.4
0.000983,22.4,24.8,-14.4
0.000987,23.2,25.6,-14.4
0.000991,23.2,26.4,-14.4
0.000995,24,26.4,-14.2
0.000999,24,25.6,-14.4
0.001,23.2,25.6,-14.4
0.00101,24,25.6,-14.6
0.00101,23.2,26.4,-14.6
0.00101,24,25.6,-14.4
0.00102,23.2,26.4,-14.2
0.00102,24.8,25.6,-14.2
0.00103,24,27.2,-14.2
0.00103,24.8,25.6,-14.4
0.00103,22.4,25.6,-14.4
0.00104,24.8,24.8,-14.4
0.00104,24,27.2,-14.2
0.00105,24.8,27.2,-14.2
0.00105,23.2,26.4,-14.4
0.00105,25.6,25.6,-14.4
0.00106,24.8,25.6,-14.4
0.00106,26.4,26.4,-14.4
0.00107,24.8,26.4,-14.6
0.00107,26.4,26.4,-14.4
0.00108,26.4,27.2,-14.4
0.00108,27.2,25.6,-14.4
0.00108,26.4,25.6,-14.2
0.00109,27.2,26.4,-14.4
0.00109,26.4,26.4,-14.2
0.0011,26.4,25.6,-14.4
0.0011,25.6,24.8,-14.2
0.0011,25.6,28,-14.6
0.00111,26.4,26.4,-14.4
0.00111,27.2,26.4,-14.4
0.00112,26.4,25.6,-14.4
0.00112,27.2,25.6,-14.4
0.00112,26.4,25.6,-14.4
0.00113,27.2,27.2,-14.4
0.00113,25.6,24.8,-14.6
0.00113,25.6,24.8,-14.4
0.00114,27.2,25.6,-14.2
0.00114,28,24.8,-14.4
0.00115,28,24.8,-14.4
0.00115,28,26.4,-14.4
0.00116,27.2,25.6,-14.2
0.00116,25.6,24.8,-14.4
0.00116,27.2,24.8,-14.6
0.00117,27.2,24.8,-14.4
0.00117,26.4,24.8,-14.4
0.00118,25.6,24.8,-14.2
0.00118,27.2,24.8,-14.4
0.00118,25.6,24.8,-14.4
0.00119,27.2,24.8,-14.4
0.00119,26.4,25.6,-14.4
0.0012,26.4,24.8,-14.4
0.0012,26.4,24.8,-14.2
0.0012,28,24.8,-14.4
0.00121,26.4,24.8,-14.4
0.00121,25.6,24.8,-14.6
0.00121,25.6,24.8,-14.6
0.00122,28,24.8,-14.2
0.00122,24.8,24.8,-14.4
0.00123,25.6,24,-14.4
0.00123,24.8,24,-14.4
0.00123,25.6,24,-14.6
0.00124,25.6,23.2,-14.6
0.00124,26.4,24.8,-14.6
0.00125,25.6,22.4,-14.4
0.00125,27.2,23.2,-14.6
0.00126,25.6,24,-14.4
0.00126,25.6,24.8,-14.4
0.00126,25.6,24,-14.6
0.00127,25.6,24.8,-14.4
0.00127,24.8,23.2,-14.4
0.00128,24,24,-14.4
0.00128,24,24,-5.8
0.00128,24.8,24.8,-8
0.00129,24.8,24.8,-8.4
0.00129,24.8,24.8,-8.6
0.00129,24.8,24.8,-8.6
0.0013,23.2,24.8,-8.8
0.0013,22.4,24.8,-8.6
0.00131,22.4,24.8,-8.6
0.00131,24,24.8,-8.8
0.00132,24,24,-8.6
0.00132,24,23.2,-8.8
0.00132,22.4,24.8,-8.8
0.00133,23.2,24.8,-8.8
0.00133,23.2,25.6,-8.8
0.00134,24.8,24.8,-8.8
0.00134,22.4,23.2,-8.6
0.00134,23.2,24.8,-8.8
0.00135,23.2,24.8,-8.8
0.00135,24,24.8,-8.8
0.00136,23.2,23.2,-8.8
0.00136,22.4,24.8,-9
0.00136,23.2,24.8,-8.8
0.00137,22.4,24.8,-8.8
0.00137,22.4,24,-9
0.00137,23.2,24.8,-8.8
0.00138,21.6,24,-8.8
0.00138,22.4,27.2,-8.6
0.00139,23.2,24.8,-8.6
0.00139,22.4,24.8,-8.8
0.0014,21.6,24.8,-8.8
0.0014,22.4,26.4,-8.6
0.0014,22.4,24.8,-8.8
0.00141,23.2,26.4,-9
0.00141,23.2,24.8,-9
0.00142,22.4,26.4,-8.8
0.00142,23.2,25.6,-9
0.00142,22.4,26.4,-8.8
0.00143,22.4,25.6,-9
0.00143,22.4,25.6,-8.8
0.00144,22.4,24.8,-8.8
0.00144,22.4,25.6,-8.8
0.00144,24,25.6,-8.6
0.00145,22.4,24.8,-8.6
0.00145,23.2,24.8,-8.8
0.00145,24,26.4,-8.8
0.00146,24.8,25.6,-8.8
0.00146,24.8,24.8,-8.8
0.00147,24,25.6,-8.8
0.00147,22.4,25.6,-8.8
0.00148,24.8,25.6,-8.8
0.00148,24,26.4,-8.8
0.00148,23.2,25.6,-8.8
0.00149,24.8,26.4,-8.8
0.00149,24,26.4,-8.8
0.0015,22.4,22.4,-8.8
0.0015,23.2,25.6,-8.8
0.0015,23.2,25.6,-8.8
0.00151,23.2,26.4,-9
0.00151,23.2,24,-8.8
0.00152,23.2,25.6,-8.8
0.00152,21.6,24.8,-8.8
0.00152,23.2,25.6,-8.8
0.00153,22.4,24,-8.8
0.00153,21.6,25.6,-8.8
0.00154,21.6,23.2,-8.8
0.00154,21.6,25.6,-8.6
0.00154,23.2,24.8,-8.8
0.00155,24.8,25.6,-8.8
0.00155,23.2,23.2,-8.8
0.00156,22.4,26.4,-8.8
0.00156,24,24.8,-8.8
0.00156,22.4,26.4,-8.8
0.00157,23.2,24,-8.6
0.00157,23.2,26.4,-8.6
0.00158,23.2,25.6,-8.6
0.00158,23.2,24.8,-8.8
0.00158,24.8,25.6,-8.6
0.00159,24,25.6,-8.8
0.00159,24.8,24.8,-8.8
0.0016,24,24.8,-8.8
0.0016,24.8,24.8,-8.8
0.0016,23.2,24.8,-8.6
0.00161,24.8,24.8,-8.8
0.00161,24,24,-8.8
0.00161,24.8,24.8,-8.8
0.00162,24.8,24.8,-8.8
0.00162,24,24,-8.6
0.00163,24,24.8,-8.8
0.00163,25.6,26.4,-8.6
0.00164,24,24.8,-8.8
0.00164,24.8,25.6,-8.8
0.00164,24.8,24.8,-8.8
0.00165,25.6,25.6,-8.8
0.00165,24.8,24.8,-8.8
0.00166,24.8,24.8,-8.8
0.00166,24.8,24.8,-8.8
0.00166,26.4,24.8,-8.8
0.00167,24.8,24,-8.8
0.00167,24,26.4,-8.8
0.00168,24.8,24.8,-8.8
0.00168,25.6,26.4,-8.8
0.00168,24.8,25.6,-8.8
0.00169,24.8,24.8,-9
0.00169,24.8,24,-8.8
0.00169,24.8,26.4,-8.8
0.0017,24,25.6,-8.8
0.0017,24.8,25.6,-8.8
0.00171,25.6,24.8,-8.8
0.00171,24,26.4,-9
0.00171,24,25.6,-9
0.00172,24,25.6,-9
0.00172,24,24.8,-8.8
0.00173,24,26.4,-8.8
0.00173,24,24.8,-8.8
0.00173,24,24.8,-8.8
0.00174,24.8,26.4,-9
0.00174,24,27.2,-8.8
0.00175,24.8,26.4,-8.8
0.00175,24,24.8,-8.8
0.00176,23.2,26.4,-8.8
0.00176,24,24.8,-8.8
0.00176,24.8,26.4,-9
0.00177,24.8,24.8,-9
0.00177,24.8,27.2,-8.8
0.00178,24.8,24.8,-9
0.00178,24.8,24.8,-8.8
0.00178,24.8,25.6,-8.8
0.00179,24.8,26.4,-8.8
0.00179,24,24.8,-8.8
0.00179,24,25.6,-9
0.0018,23.2,24.8,-8.8
0.0018,23.2,25.6,-8.8
0.00181,23.2,25.6,-8.8
0.00181,23.2,26.4,-8.8
0.00182,23.2,25.6,-8.8
0.00182,23.2,27.2,-9
0.00182,24,26.4,-8.8
0.00183,24,27.2,-8.8
0.00183,24.8,26.4,-8.8
0.00184,24,26.4,-8.8
0.00184,24,27.2,-9
0.00184,22.4,26.4,-8.8
0.00185,22.4,26.4,-8.8
0.00185,23.2,27.2,-9
0.00186,24,27.2,-8.8
0.00186,22.4,27.2,-9
0.00186,22.4,27.2,-9
0.00187,24,25.6,-8.8
0.00187,24,26.4,-9
0.00187,21.6,26.4,-9
0.00188,21.6,25.6,-9
0.00188,23.2,26.4,-9
0.00189,24.8,26.4,-9
0.00189,24,25.6,-8.8
0.0019,24.8,27.2,-9
0.0019,23.2,26.4,-8.8
0.0019,24,25.6,-8.8
0.00191,23.2,25.6,-8.8
0.00191,24,25.6,-8.8
0.00192,24,25.6,-9
0.00192,24,24.8,-9
0.00192,24.8,24,-8.8
0.00193,24.8,24.8,-8.8
0.00193,24,24,-9
0.00194,24.8,25.6,-9
0.00194,24,24,-8.8
0.00194,25.6,24.8,-8.8
0.00195,24.8,24.8,-9
0.00195,24.8,24.8,-9
0.00196,24.8,23.2,-9
0.00196,24.8,24.8,-9
0.00196,24,24.8,-8.8
0.00197,24.8,25.6,-9
0.00197,26.4,26.4,-9
0.00198,24.8,24.8,-8.8
0.00198,25.6,24.8,-8.8
0.00198,24,24.8,-8.8
0.00199,26.4,24.8,-9
0.00199,25.6,25.6,-9
0.00199,26.4,25.6,-9
0.002,25.6,24,-9
0.002,25.6,24.8,-9
0.00201,25.6,24.8,-9
0.00201,26.4,24.8,-9
0.00202,24.8,24.8,-9
0.00202,25.6,24.8,-9
0.00202,25.6,24.8,-9
0.00203,25.6,24.8,-9
0.00203,24.8,24.8,-9
0.00204,25.6,24.8,-9
0.00204,25.6,25.6,-9
0.00204,26.4,26.4,-9
0.00205,24.8,24.8,-9
0.00205,25.6,24.8,-9
0.00206,25.6,24.8,-9.2
0.00206,26.4,25.6,-9
0.00206,25.6,24.8,-9
0.00207,25.6,25.6,-9
0.00207,25.6,24.8,-9
0.00208,25.6,24.8,-9
0.00208,25.6,24,-9
0.00208,24.8,24.8,-9
0.00209,24.8,24,-9
0.00209,25.6,25.6,-8.8
0.0021,24.8,24.8,-9
0.0021,24.8,24.8,-9
0.0021,24.8,24.8,-9
0.00211,24,24.8,-9
0.00211,24.8,24.8,-9
0.00212,24,24,-9
0.00212,24.8,23.2,-9
0.00212,24,24.8,-9
0.00213,24.8,24.8,-9.2
0.00213,24,24.8,-9
0.00214,25.6,23.2,-9
0.00214,23.2,24.8,-9
0.00214,24.8,24.8,-9
0.00215,24.8,24,-8.8
0.00215,24.8,24,-9
0.00216,24.8,23.2,-9
0.00216,24.8,24.8,-9.2
0.00216,24,23.2,-9
0.00217,24.8,24.8,-9
0.00217,24.8,23.2,-9
0.00218,23.2,24,-9
0.00218,24.8,23.2,-9
0.00218,24.8,23.2,-9
0.00219,24.8,24,-9
0.00219,24.8,24.8,-9
0.00219,24.8,24,-9
0.0022,25.6,24.8,-9
0.0022,23.2,23.2,-9.2
0.00221,24.8,24.8,-9
0.00221,24,24.8,-9
0.00222,24,24.8,-9
0.00222,24,24,-9
0.00222,24,25.6,-9
0.00223,24,24.8,-9
0.00223,24.8,26.4,-9.2
0.00224,24,24,-9
0.00224,24,24.8,-9
0.00224,24,24.8,-9
0.00225,24.8,24.8,-9
0.00225,24.8,24.8,-9
0.00226,24,24.8,-9
0.00226,25.6,25.6,-9
0.00226,23.2,25.6,-9
0.00227,24.8,25.6,-9.2
0.00227,24.8,24,-9
0.00228,24.8,24.8,-9
0.00228,24,24.8,-9
0.00228,24,24.8,-9
0.00229,23.2,24.8,-9
0.00229,24.8,24.8,-9
0.0023,24.8,24.8,-9
0.0023,24.8,25.6,-9
0.0023,24.8,24,-9
0.00231,24.8,25.6,-9
0.00231,24,24.8,-9
0.00231,25.6,24.8,-9
0.00232,24.8,25.6,-9
0.00232,24.8,26.4,-9
0.00233,25.6,25.6,-9
0.00233,25.6,25.6,-9
0.00233,24.8,24.8,-9
0.00234,24.8,25.6,-9
0.00234,23.2,24,-9
0.00235,26.4,27.2,-9
0.00235,24.8,24.8,-9.2
0.00235,24.8,26.4,-9
0.00236,25.6,25.6,-9
0.00236,24.8,25.6,-9.2
0.00237,24.8,25.6,-9
0.00237,24,26.4,-8.8
0.00237,24,24.8,-9
0.00238,24,25.6,-9
0.00238,24,26.4,-9
0.00239,24.8,25.6,-9
0.00239,24.8,26.4,-9
0.0024,23.2,25.6,-9
0.0024,24,24,-9
0.0024,22.4,26.4,-8.8
0.00241,24,25.6,-9
0.00241,23.2,24.8,-9
0.00242,24.8,24.8,-9
0.00242,22.4,24.8,-9
0.00242,24,25.6,-9
0.00243,23.2,24.8,-9
0.00243,23.2,26.4,-9
0.00244,24,24,-9
0.00244,24,24.8,-9
0.00244,23.2,24,-9
0.00245,22.4,24.8,-9
0.00245,22.4,24.8,-9
0.00246,23.2,26.4,-9
0.00246,22.4,24.8,-9
0.00246,23.2,24.8,-9
0.00247,24.8,24.8,-9
0.00247,23.2,26.4,-9
0.00248,24,25.6,-9
0.00248,23.2,24.8,-8.8
0.00248,24,25.6,-9
0.00249,24,25.6,-9
0.00249,22.4,25.6,-9
0.00249,23.2,25.6,-9
0.0025,23.2,25.6,-9
0.0025,22.4,25.6,-9
0.00251,24.8,25.6,-9
0.00251,24,25.6,-9
0.00251,24,27.2,-9
0.00252,22.4,27.2,-9
0.00252,24,26.4,-9
0.00253,23.2,26.4,-9
0.00253,24.8,26.4,-9
0.00253,24,26.4,-9
0.00254,25.6,28,-9
0.00254,24.8,27.2,-9
0.00255,25.6,26.4,-9
0.00255,23.2,26.4,-9
0.00256,24.8,27.2,-8.8
0.00256,24.8,25.6,-9
0.00256,25.6,27.2,-9
0.00257,24.8,26.4,-8.8
0.00257,24.8,27.2,-9
0.00258,24.8,26.4,-8.8
0.00258,24.8,27.2,-9
0.00258,24.8,24.8,-9
0.00259,24,25.6,-8.8
0.00259,24.8,24.8,-9
0.00259,24.8,26.4,-8.8
0.0026,24.8,24.8,-9
0.0026,24,25.6,-9
0.00261,24.8,24,-9
0.00261,24.8,26.4,-9
0.00262,24.8,25.6,-9
0.00262,24,25.6,-9
0.00262,24.8,25.6,-9
0.00263,24.8,25.6,-9
0.00263,25.6,24.8,-9
0.00264,24.8,25.6,-8.8
0.00264,24.8,24.8,-9
0.00264,25.6,24.8,-9
0.00265,25.6,24.8,-8.8
0.00265,24.8,25.6,-8.8
0.00266,26.4,25.6,-9
0.00266,25.6,24.8,-9
0.00266,25.6,24.8,-8.8
0.00267,24.8,24.8,-9
0.00267,26.4,24.8,-9
0.00268,24.8,24.8,-9
0.00268,26.4,23.2,-8.8
0.00268,24.8,24.8,-8.8
0.00269,25.6,24.8,-8.6
0.00269,24,24.8,-8.8
0.00269,24.8,24.8,-8.8
0.0027,24.8,24,-8.8
0.0027,24.8,24.8,-9
0.00271,24.8,24.8,-8.8
0.00271,24.8,24.8,-8.6
0.00272,24.8,23.2,-9
0.00272,24.8,24,-8.6
0.00272,24,22.4,-9
0.00273,24,24,-8.8
0.00273,24.8,24.8,-9
0.00274,24.8,24,-9
0.00274,24,23.2,-9
0.00274,24.8,24,-9
0.00275,24.8,24,-8.8
0.00275,24.8,24.8,-9
0.00276,24,23.2,-8.8
0.00276,24,24,-9
0.00276,24.8,24.8,-9
0.00277,24.8,24.8,-9
0.00277,24.8,24,-9
0.00278,24,23.2,-8.8
0.00278,24,24,-8.8
0.00278,21.6,24,-9
0.00279,20.8,23.2,-9
0.00279,17.6,21.6,-8.8
0.0028,17.6,20,-9
0.0028,14.4,19.2,-8.8
0.0028,11.2,16.8,-8.6
0.00281,8.8,14.4,-9
0.00281,5.6,12.8,-8.8
0.00281,3.2,10.4,-8.8
0.00282,1.6,8.8,-8.8
0.00282,-3.2,4,-9
0.00283,-6.4,2.4,-8.8
0.00283,-8.8,-1.6,-8.8
0.00283,-11.2,-4,-8.8
0.00284,-15.2,-6.4,-9
0.00284,-18.4,-9.6,-8.8
0.00285,-19.2,-12,-8.8
0.00285,-23.2,-14.4,-9
0.00285,-25.6,-18.4,-8.8
0.00286,-27.2,-21.6,-8.8
0.00286,-30.4,-24,-8.6
0.00287,-31.2,-25.6,-8.8
0.00287,-34.4,-28,-9
0.00288,-36.8,-29.6,-9
0.00288,-38.4,-32,-9
0.00288,-40.8,-32.8,-8.8
0.00289,-42.4,-36.8,-8.8
0.00289,-43.2,-37.6,-8.8
0.0029,-43.2,-39.2,-9
0.0029,-45.6,-40.8,-8.8
0.0029,-46.4,-42.4,-9
0.00291,-45.6,-42.4,-8.8
0.00291,-47.2,-43.2,-8.8
0.00292,-46.4,-44,-8.8
0.00292,-47.2,-44,-9
0.00292,-46.4,-44.8,-9
0.00293,-46.4,-44,-8.8
0.00293,-47.2,-44.8,-8.6
0.00294,-46.4,-43.2,-8.8
0.00294,-47.2,-44.8,-8.8
0.00294,-45.6,-44.8,-8.8
0.00295,-46.4,-44,-9
0.00295,-44,-44,-8.8
0.00296,-44,-43.2,-8.8
0.00296,-41.6,-42.4,-9
0.00296,-41.6,-41.6,-9
0.00297,-38.4,-40,-8.8
0.00297,-37.6,-39.2,-9
0.00298,-34.4,-36,-8.8
0.00298,-33.6,-35.2,-9
0.00298,-30.4,-32.8,-9
0.00299,-26.4,-31.2,-9
0.00299,-24,-27.2,-8.8
0.00299,-21.6,-25.6,-9
0.003,-19.2,-22.4,-8.8
0.003,-18.4,-20,-9
0.00301,-13.6,-16,-9
0.00301,-12,-14.4,-8.8
0.00301,-9.6,-10.4,-9
0.00302,-7.2,-9.6,-9
0.00302,-4.8,-5.6,-9
0.00303,-3.2,-4.8,-9
0.00304,1.6,2.4,-9
0.00304,4,2.4,-9
0.00305,4.8,5.6,-8.8
0.00305,7.2,6.4,-8.8
0.00306,7.2,8,-8.8
0.00306,10.4,9.6,-9
0.00306,10.4,9.6,-8.8
0.00307,11.2,13.6,-8.8
0.00307,12.8,13.6,-8.8
0.00308,12.8,14.4,-8.8
0.00308,14.4,15.2,-8.8
0.00308,16.8,16,-8.8
0.00309,16,17.6,-8.8
0.00309,16.8,18.4,-9
0.0031,16.8,19.2,-8.8
0.0031,18.4,20.8,-9
0.0031,18.4,20,-9
0.00311,18.4,20.8,-8.8
0.00311,16.8,20.8,-8.8
0.00312,18.4,21.6,-9
0.00312,19.2,20.8,-8.8
0.00312,19.2,20,-8.8
0.00313,20,20,-9
0.00313,20,21.6,-9
0.00314,20,20.8,-9
0.00314,20.8,20.8,-9
0.00314,20.8,20.8,-8.8
0.00315,21.6,21.6,-9
0.00315,22.4,21.6,-8.8
0.00316,23.2,23.2,-8.8
0.00316,22.4,23.2,-8.8
0.00316,23.2,23.2,-8.8
0.00317,24,24,-9
0.00317,24.8,24.8,-8.8
0.00318,24.8,24.8,-8.8
0.00318,24.8,25.6,-8.8
0.00318,25.6,24.8,-8.8
0.00319,25.6,26.4,-9
0.00319,28,28,-9
0.0032,29.6,28,-8.8
0.0032,29.6,28.8,-9
0.0032,28.8,28.8,-9
0.00321,32,29.6,-9
0.00321,31.2,31.2,-8.8
0.00322,32.8,32,-8.8
0.00322,34.4,32.8,-8.8
0.00322,36.8,34.4,-9
0.00323,36,36,-8.8
0.00323,40,37.6,-9
0.00324,39.2,36.8,-8.8
0.00324,42.4,40.8,-8.8
0.00324,44,40.8,-9
0.00325,44.8,44.8,-9
0.00325,46.4,44,-9
0.00326,49.6,47.2,-8.8
0.00326,50.4,47.2,-9
0.00326,52.8,49.6,-8.8
0.00327,55.2,50.4,-9
0.00327,56.8,52.8,-9
0.00328,57.6,52.8,-9
0.00328,59.2,56.8,-9
0.00328,60.8,56,-9
0.00329,61.6,58.4,-9
0.00329,63.2,60,-8.8
0.0033,64,62.4,-9
0.0033,65.6,62.4,-9
0.0033,64.8,64,-9
0.00331,68,64.8,-9
0.00331,68.8,64.8,-9
0.00331,68.8,64.8,-9
0.00332,69.6,66.4,-9
0.00332,71.2,68.8,-9
0.00333,71.2,66.4,-8.8
0.00333,72.8,71.2,-9
0.00333,72,70.4,-8.8
0.00334,73.6,71.2,-9
0.00334,72.8,72,-9
0.00335,74.4,74.4,-8.8
0.00335,73.6,73.6,-8.8
0.00335,74.4,74.4,-9
0.00336,73.6,73.6,-9
0.00336,74.4,73.6,-9
0.00337,74.4,73.6,-8.8
0.00337,74.4,74.4,-9
0.00338,74.4,74.4,-9
0.00338,75.2,76.8,-8.8
0.00338,74.4,74.4,-9
0.00339,74.4,76.8,-9
0.00339,74.4,75.2,-8.8
0.0034,74.4,76,-9
0.0034,72.8,74.4,-9
0.0034,74.4,76,-9
0.00341,72.8,74.4,-8.8
0.00341,72,74.4,-9
0.00342,71.2,72,-9
0.00342,71.2,72.8,-8.8
0.00342,71.2,73.6,-8.8
0.00343,71.2,71.2,-8.8
0.00343,70.4,71.2,-9
0.00344,68.8,70.4,-8.8
0.00344,69.6,70.4,-9
0.00344,68.8,70.4,-8.8
0.00345,68.8,68,-9
0.00345,68.8,69.6,-9
0.00346,69.6,68,-8.8
0.00346,68,68,-8.8
0.00346,68.8,68,-8.8
0.00347,68.8,68,-8.8
0.00347,68.8,68,-9
0.00347,68.8,65.6,-9
0.00348,69.6,68,-8.8
0.00348,68,68,-9
0.00349,68.8,68,-9
0.00349,68,67.2,-9
0.00349,70.4,68,-9
0.0035,69.6,68,-9
0.0035,72,67.2,-9
0.00351,68.8,69.6,-9
0.00351,70.4,68.8,-8.8
0.00351,69.6,68,-8.8
0.00352,70.4,70.4,-9
0.00352,69.6,69.6,-9.2
0.00353,69.6,71.2,-8.8
0.00353,69.6,70.4,-9
0.00353,70.4,69.6,-9
0.00354,70.4,68.8,-9
0.00354,69.6,71.2,-9
0.00355,69.6,69.6,-9
0.00355,70.4,69.6,-9
0.00356,69.6,69.6,-9
0.00356,70.4,70.4,-9
0.00356,71.2,71.2,-9
0.00357,69.6,71.2,-8.8
0.00357,71.2,71.2,-9
0.00358,70.4,71.2,-9
0.00358,72,71.2,-8.8
0.00358,70.4,72,-8.8
0.00359,71.2,72,-9
0.00359,70.4,71.2,-9
0.00359,71.2,72,-9.2
0.0036,69.6,70.4,-9
0.0036,69.6,72,-9
0.00361,69.6,70.4,-9
0.00361,69.6,71.2,-9
0.00362,68,71.2,-9
0.00362,68.8,70.4,-9
0.00362,68,69.6,-9
0.00363,66.4,70.4,-8.8
0.00363,64.8,68.8,-8.8
0.00364,64.8,68,-9
0.00364,63.2,66.4,-9
0.00364,62.4,66.4,-9
0.00365,61.6,64.8,-8.8
0.00365,60.8,64.8,-8.8
0.00366,59.2,64,-8.8
0.00366,59.2,64.8,-8.8
0.00366,56,61.6,-9
0.00367,56,61.6,-8.8
0.00367,55.2,60,-9
0.00368,53.6,59.2,-9
0.00368,52.8,58.4,-9.2
0.00368,52.8,56.8,-8.8
0.00369,52.8,56,-9
0.00369,52.8,55.2,-9
0.0037,51.2,53.6,-9
0.0037,48.8,54.4,-9
0.0037,49.6,52.8,-9
0.00371,48.8,53.6,-8.8
0.00371,47.2,53.6,-9
0.00372,48,51.2,-8.8
0.00372,47.2,51.2,-9
0.00372,46.4,50.4,-9
0.00373,46.4,50.4,-9.2
0.00373,45.6,48.8,-9
0.00374,44.8,48,-8.8
0.00374,44,48.8,-9
0.00374,44.8,48,-9
0.00375,44,47.2,-8.8
0.00375,43.2,45.6,-9
0.00376,40.8,44.8,-9
0.00376,41.6,44.8,-9
0.00376,40.8,42.4,-8.8
0.00377,40,43.2,-9
0.00377,38.4,41.6,-9
0.00378,36.8,39.2,-9
0.00378,35.2,37.6,-8.8
0.00378,36,39.2,-8.8
0.00379,33.6,36.8,-9
0.00379,34.4,37.6,-8.8
0.0038,34.4,34.4,-9
0.0038,33.6,36,-9
0.0038,32,34.4,-9
0.00381,33.6,35.2,-8.8
0.00381,32,33.6,-9
0.00381,32.8,33.6,-9
0.00382,32,33.6,-9
0.00382,32,34.4,-9
0.00383,32,32.8,-9
0.00383,32,32.8,-9
0.00383,31.2,32,-9
0.00384,31.2,31.2,-9
0.00384,32,31.2,-8.8
0.00385,31.2,32,-9
0.00385,31.2,30.4,-9
0.00385,30.4,31.2,-9
0.00386,31.2,29.6,-9
0.00386,28.8,30.4,-9
0.00387,30.4,30.4,-9
0.00387,27.2,28,-8.8
0.00388,26.4,28.8,-8.8
0.00388,24.8,28,-9
0.00388,24,27.2,-9
0.00389,24,25.6,-9
0.00389,22.4,24.8,-9
0.0039,21.6,23.2,-8.8
0.0039,20,23.2,-9
0.0039,18.4,21.6,-8.8
0.00391,16,21.6,-9
0.00391,16.8,19.2,-9
0.00392,16.8,18.4,-9
0.00392,16.8,16.8,-9
0.00392,14.4,17.6,-8.8
0.00393,13.6,16,-9
0.00393,14.4,16,-9
0.00394,12.8,14.4,-9
0.00394,11.2,15.2,-9
0.00394,11.2,13.6,-9
0.00395,10.4,13.6,-9
0.00395,8.8,12.8,-9
0.00396,8,12.8,-8.8
0.00396,10.4,12,-8.8
0.00396,8,10.4,-9
0.00397,8.8,10.4,-8.8
0.00397,8.8,10.4,-9
0.00398,8,8.8,-8.8
0.00398,6.4,8,-8.8
0.00398,7.2,8.8,-8.8
0.00399,5.6,8,-9
0.00399,4,7.2,-9
0.004,1.6,6.4,-8.8
0.004,3.2,5.6,-9
0.004,2.4,4,-8.8
0.00401,1.6,4,-9
0.00401,0.8,3.2,-9
0.00403,-1.6,0.8,-9
0.00403,-1.6,0.8,-9
0.00404,-2.4,-1.6,-8.8
0.00405,-3.2,-0.8,-9
0.00405,-2.4,-2.4,-9
0.00405,-3.2,-1.6,-9
0.00406,-2.4,-0.8,-9
0.00406,-3.2,-0.8,-9
0.00407,-3.2,-2.4,-9
0.00407,-3.2,-0.8,-9
0.00407,-3.2,-0.8,-8.8
0.00408,-2.4,-1.6,-8.8
0.00408,-3.2,-1.6,-9
0.00409,-3.2,-1.6,-9
0.00409,-2.4,-1.6,-9
0.0041,-1.6,-2.4,-8.8
0.0041,-2.4,-0.8,-8.8
0.00411,-1.6,-2.4,-8.8
0.00411,-3.2,1.6,-9
0.00412,-4,-3.2,-9
0.00412,-3.2,-1.6,-8.8
0.00413,-4,-1.6,-8.8
0.00413,-4,-3.2,-9
0.00413,-4,-2.4,-9
0.00414,-4,-3.2,-9
0.00414,-5.6,-4,-8.8
0.00415,-4.8,-3.2,-9
0.00415,-6.4,-5.6,-8.8
0.00415,-6.4,-4.8,-8.8
0.00416,-6.4,-5.6,-9
0.00416,-6.4,-4.8,-9
0.00417,-6.4,-6.4,-8.8
0.00417,-6.4,-4.8,-8.8
0.00417,-7.2,-6.4,-9
0.00418,-6.4,-5.6,-8.6
0.00418,-7.2,-6.4,-9
0.00419,-6.4,-6.4,-8.8
0.00419,-7.2,-4.8,-9
0.00419,-6.4,-6.4,-9
0.0042,-6.4,-7.2,-9
0.0042,-6.4,-4.8,-8.8
0.00421,-7.2,-7.2,-8.8
0.00421,-6.4,-7.2,-8.8
0.00422,-5.6,-5.6,-9
0.00422,-6.4,-5.6,-9
0.00422,-6.4,-4.8,-8.8
0.00423,-5.6,-6.4,-8.8
0.00423,-5.6,-6.4,-9
0.00424,-6.4,-6.4,-8.8
0.00424,-6.4,-5.6,-8.8
0.00424,-6.4,-4.8,-8.8
0.00425,-4.8,-7.2,-8.8
0.00425,-6.4,-5.6,-9
0.00426,-4.8,-7.2,-9
0.00426,-4.8,-4.8,-8.8
0.00426,-5.6,-5.6,-8.8
0.00427,-5.6,-5.6,-9
0.00427,-4.8,-4.8,-9
0.00428,-5.6,-4.8,-8.8
0.00428,-4.8,-4,-9
0.00428,-5.6,-6.4,-8.8
0.00429,-3.2,-4.8,-8.8
0.00429,-4,-4.8,-8.8
0.0043,-3.2,-4.8,-8.8
0.0043,-3.2,-4.8,-8.8
0.0043,-2.4,-1.6,-9
0.00431,-2.4,-3.2,-9
0.00431,-0.8,-3.2,-9
0.00432,-1.6,-2.4,-9
0.00432,0.8,-1.6,-9
0.00434,1.6,0.8,-8.8
0.00434,2.4,0.8,-9
0.00434,4.8,2.4,-8.8
0.00435,4,2.4,-8.8
0.00435,5.6,4.8,-9
0.00436,4.8,3.2,-8.8
0.00436,5.6,4.8,-9
0.00436,7.2,4,-8.8
0.00437,6.4,6.4,-8.8
0.00437,8,7.2,-8.8
0.00438,8,7.2,-8.8
0.00438,8.8,7.2,-9
0.00438,10.4,8.8,-9
0.00439,9.6,9.6,-9
0.00439,10.4,8.8,-8.8
0.0044,10.4,9.6,-9
0.0044,10.4,10.4,-8.8
0.0044,12,9.6,-9
0.00441,11.2,12,-9
0.00441,12,11.2,-9
0.00441,12,12,-9
0.00442,12,12,-8.8
0.00442,12.8,12,-8.6
0.00443,12.8,12,-9
0.00443,13.6,12.8,-8.8
0.00444,13.6,13.6,-9
0.00444,13.6,15.2,-9
0.00444,15.2,16,-9
0.00445,14.4,15.2,-8.8
0.00445,16,15.2,-9
0.00445,16.8,15.2,-9
0.00446,16,17.6,-8.8
0.00446,17.6,16.8,-8.8
0.00447,18.4,16.8,-8.8
0.00447,19.2,17.6,-8.8
0.00448,19.2,19.2,-9
0.00448,20.8,18.4,-8.8
0.00448,20,20.8,-8.8
0.00449,21.6,21.6,-9
0.00449,21.6,21.6,-9
0.00449,24,21.6,-9
0.0045,23.2,23.2,-9
0.0045,24,24,-9
0.00451,23.2,24.8,-9
0.00451,24.8,23.2,-8.8
0.00451,25.6,25.6,-9
0.00452,25.6,25.6,-9
0.00452,26.4,27.2,-8.8
0.00453,28,25.6,-8.8
0.00453,26.4,26.4,-8.8
0.00454,27.2,26.4,-8.8
0.00454,28,27.2,-8.8
0.00454,28,29.6,-9
0.00455,28.8,28.8,-8.8
0.00455,29.6,30.4,-8.8
0.00456,30.4,28,-8.8
0.00456,30.4,30.4,-9
0.00456,31.2,31.2,-9
0.00457,31.2,31.2,-9
0.00457,32,30.4,-8.8
0.00458,33.6,32.8,-9
0.00458,32.8,32,-9
0.00458,34.4,34.4,-8.8
0.00459,34.4,34.4,-9
0.00459,34.4,35.2,-8.8
0.0046,36,35.2,-9
0.0046,36.8,36.8,-8.8
0.0046,37.6,36.8,-8.8
0.00461,37.6,38.4,-9
0.00461,38.4,38.4,-9
0.00462,40,40,-9
0.00462,39.2,40,-8.8
0.00462,40,41.6,-9
0.00463,40,40.8,-9
0.00463,40.8,42.4,-8.8
0.00464,41.6,43.2,-9
0.00464,41.6,43.2,-9
0.00464,42.4,44,-9
0.00465,42.4,44,-9
0.00465,42.4,44.8,-9
0.00466,43.2,45.6,-8.8
0.00466,43.2,44,-8.8
0.00466,43.2,44,-8.8
0.00467,43.2,44,-9
0.00467,43.2,45.6,-9
0.00468,43.2,44.8,-9
0.00468,43.2,44.8,-8.8
0.00468,43.2,47.2,-9
0.00469,43.2,46.4,-9
0.00469,44,46.4,-9
0.0047,43.2,45.6,-9
0.0047,43.2,45.6,-8.8
0.0047,44,44.8,-9
0.00471,44,46.4,-9
0.00471,44,44.8,-9
0.00471,44,47.2,-9
0.00472,44.8,46.4,-9
0.00472,43.2,46.4,-9.2
0.00473,44.8,46.4,-9
0.00473,43.2,48.8,-8.6
0.00473,44.8,47.2,-9
0.00474,44,48,-9
0.00474,46.4,46.4,-8.8
0.00475,45.6,49.6,-9
0.00475,45.6,48,-9
0.00475,44.8,49.6,-9
0.00476,46.4,48,-9
0.00476,45.6,49.6,-9
0.00477,44.8,49.6,-9
0.00477,45.6,50.4,-9
0.00477,45.6,48.8,-9
0.00478,45.6,49.6,-8.8
0.00478,46.4,49.6,-8.8
0.00479,44.8,50.4,-8.8
0.00479,44.8,49.6,-9
0.00479,45.6,49.6,-9
0.0048,44,49.6,-9
0.0048,46.4,50.4,-8.8
0.00481,46.4,50.4,-9
0.00481,45.6,49.6,-9
0.00481,46.4,49.6,-8.8
0.00482,44.8,49.6,-8.8
0.00482,44.8,49.6,-9
0.00483,44.8,49.6,-9
0.00483,43.2,50.4,-8.8
0.00483,44.8,48.8,-9
0.00484,45.6,49.6,-9
0.00484,45.6,48.8,-8.8
0.00485,45.6,48.8,-9
0.00485,45.6,48.8,-9
0.00485,44,49.6,-9
0.00486,45.6,49.6,-9
0.00486,45.6,48.8,-9.2
0.00487,44,48.8,-9
0.00487,44,48.8,-9
0.00488,46.4,49.6,-8.8
0.00488,44,49.6,-8.8
0.00488,45.6,48.8,-9
0.00489,44.8,49.6,-9
0.00489,44.8,48.8,-9
0.0049,45.6,48.8,-9
0.0049,44,48,-8.8
0.0049,46.4,48,-9
0.00491,45.6,47.2,-9
0.00491,45.6,48,-8.8
0.00492,48,48.8,-9
0.00492,44,48,-9
0.00492,46.4,48,-9
0.00493,44.8,46.4,-9
0.00493,44,47.2,-9
0.00494,44,46.4,-8.8
0.00494,43.2,46.4,-8.8
0.00494,43.2,44.8,-9
0.00495,42.4,45.6,-9
0.00495,42.4,44,-9
0.00496,41.6,42.4,-9
0.00496,41.6,44,-9
0.00496,42.4,43.2,-9
0.00497,40,43.2,-9
0.00497,40.8,43.2,-8.8
0.00498,39.2,40.8,-8.8
0.00498,40.8,41.6,-9
0.00498,40.8,40,-9
0.00499,38.4,41.6,-8.8
0.00499,38.4,40,-9
0.005,40,40.8,-9
0.005,38.4,39.2,-9
0.005,38.4,37.6,-9
0.00501,37.6,38.4,-8.8
0.00501,36.8,37.6,-8.8
0.00502,37.6,36,-9
0.00502,36,37.6,-9
0.00502,36.8,36.8,-9
0.00503,37.6,36.8,-9
0.00503,36,35.2,-9
0.00504,36,37.6,-9
0.00504,36,35.2,-9
0.00504,36,34.4,-9
0.00505,36,34.4,-9
0.00505,36,35.2,-9
0.00505,34.4,36,-8.8
0.00506,34.4,34.4,-9
0.00506,32.8,34.4,-9
0.00507,31.2,33.6,-9
0.00507,29.6,34.4,-9
0.00507,25.6,34.4,-9
0.00508,23.2,34.4,-8.8
0.00508,19.2,33.6,-9
0.00509,16.8,32.8,-9
0.00509,12.8,32.8,-9
0.00509,12,34.4,-8.8
0.0051,7.2,34.4,-9
0.0051,4,32.8,-9
0.00511,-3.2,35.2,-9
0.00511,-7.2,34.4,-9
0.00512,-9.6,38.4,-8.8
0.00512,-13.6,38.4,-9
0.00513,-14.4,40,-9
0.00513,-20,40,-9
0.00513,-21.6,42.4,-9
0.00514,-24.8,40,-8.8
0.00514,-26.4,45.6,-9
0.00515,-29.6,45.6,-9
0.00515,-33.6,48.8,-8.8
0.00515,-33.6,49.6,-9
0.00516,-36,51.2,-9
0.00516,-39.2,52.8,-9
0.00517,-40,54.4,-9
0.00517,-40.8,55.2,-9
0.00517,-42.4,57.6,-9
0.00518,-43.2,60,-8.8
0.00518,-44,61.6,-8.8
0.00519,-46.4,63.2,-9
0.00519,-46.4,66.4,-9
0.0052,-46.4,66.4,-9
0.0052,-47.2,68.8,-8.6
0.0052,-48,70.4,-9
0.00521,-48.8,70.4,-9
0.00521,-48.8,72,-9
0.00522,-48.8,72.8,-9
0.00522,-48.8,73.6,-9
0.00522,-49.6,74.4,-9
0.00523,-48,75.2,-9
0.00523,-47.2,76.8,-9
0.00524,-47.2,78.4,-9.2
0.00524,-45.6,76.8,-9
0.00524,-44,77.6,-9
0.00525,-44,76.8,-9
0.00525,-42.4,79.2,-8.8
0.00526,-40.8,78.4,-8.8
0.00526,-39.2,79.2,-9
0.00526,-39.2,77.6,-8.8
0.00527,-36,79.2,-8.8
0.00527,-33.6,77.6,-8.8
0.00528,-32,77.6,-8.8
0.00528,-28,75.2,-8.8
0.00528,-27.2,75.2,-8.8
0.00529,-24.8,75.2,-9
0.00529,-21.6,74.4,-8.8
0.0053,-20.8,72.8,-9
0.0053,-19.2,72.8,-9
0.0053,-16.8,71.2,-9
0.00531,-15.2,68.8,-9
0.00531,-12,68,-9
0.00532,-10.4,68,-9
0.00532,-8,64.8,-9
0.00532,-7.2,64,-8.8
0.00533,-4.8,62.4,-8.8
0.00533,-4,60,-9
0.00534,-2.4,59.2,-8.8
0.00534,-1.6,56.8,-8.8
0.00534,-0.8,54.4,-8.8
0.00535,1.6,52,-9
0.00536,2.4,49.6,-8.8
0.00536,1.6,48,-8.8
0.00536,2.4,44,-9
0.00537,4,42.4,-8.8
0.00537,4,40,-9
0.00537,4.8,40.8,-9
0.00538,4,37.6,-8.8
0.00538,4,36.8,-9
0.00539,4.8,36,-8.6
0.00539,6.4,34.4,-9
0.0054,4.8,31.2,-8.8
0.0054,5.6,30.4,-8.8
0.0054,4.8,28.8,-9
0.00541,4.8,28,-9
0.00541,6.4,27.2,-9
0.00541,5.6,25.6,-9
0.00542,4,23.2,-9
0.00542,5.6,24.8,-9
0.00543,5.6,22.4,-8.8
0.00543,5.6,21.6,-8.8
0.00544,7.2,21.6,-8.8
0.00544,7.2,22.4,-9
0.00544,8,21.6,-9
0.00545,8.8,20,-8.8
0.00545,8.8,20,-9
0.00545,9.6,18.4,-9
0.00546,11.2,17.6,-9
0.00546,12,19.2,-8.8
0.00547,12.8,18.4,-9
0.00547,14.4,17.6,-8.8
0.00548,13.6,16.8,-9
0.00548,16,15.2,-9
0.00548,16.8,15.2,-9
0.00549,17.6,14.4,-9
0.00549,18.4,15.2,-9
0.00549,19.2,14.4,-8.8
0.0055,20.8,13.6,-8.8
0.0055,21.6,12.8,-8.8
0.00551,24.8,12,-8.8
0.00551,25.6,11.2,-8.8
0.00551,27.2,11.2,-9
0.00552,28.8,9.6,-8.8
0.00552,31.2,11.2,-8.8
0.00553,32,8.8,-9
0.00553,34.4,7.2,-8.8
0.00554,34.4,6.4,-8.8
0.00554,36.8,7.2,-9
0.00554,38.4,5.6,-8.8
0.00555,39.2,4,-8.8
0.00555,40,2.4,-9
0.00556,43.2,2.4,-8.8
0.00556,43.2,1.6,-8.8
0.00557,46.4,-3.2,-9
0.00557,48,-2.4,-9
0.00558,50.4,-3.2,-8.8
0.00558,51.2,-4,-8.8
0.00558,52.8,-4.8,-8.8
0.00559,53.6,-6.4,-8.8
0.00559,55.2,-6.4,-8.8
0.0056,57.6,-7.2,-9
0.0056,58.4,-8,-9
0.0056,58.4,-8.8,-9
0.00561,60.8,-10.4,-8.8
0.00561,61.6,-11.2,-8.8
0.00562,62.4,-12,-8.8
0.00562,63.2,-12.8,-9
0.00562,63.2,-13.6,-9
0.00563,64.8,-14.4,-9
0.00563,65.6,-14.4,-9
0.00564,63.2,-15.2,-9
0.00564,68,-15.2,-9
0.00564,65.6,-16,-9
0.00565,67.2,-17.6,-8.8
0.00565,66.4,-18.4,-8.8
0.00566,66.4,-16.8,-8.8
0.00566,68.8,-18.4,-9
0.00566,67.2,-19.2,-9
0.00567,68,-21.6,-8.6
0.00567,68,-19.2,-9
0.00568,68,-20,-9
0.00568,67.2,-20,-8.8
0.00568,66.4,-21.6,-8.8
0.00569,64.8,-21.6,-8.8
0.00569,66.4,-21.6,-9
0.0057,64,-21.6,-9
0.0057,65.6,-21.6,-9
0.0057,64.8,-20.8,-8.8
0.00571,64.8,-22.4,-9
0.00571,64.8,-20.8,-8.8
0.00571,65.6,-20.8,-9
0.00572,64.8,-20.8,-9
0.00572,67.2,-20.8,-9
0.00573,64.8,-19.2,-8.8
0.00573,67.2,-18.4,-9
0.00573,66.4,-18.4,-9
0.00574,68,-17.6,-8.8
0.00574,68,-16.8,-9
0.00575,68,-16,-9
0.00575,68,-16,-8.8
0.00575,68,-15.2,-9
0.00576,69.6,-16,-9
0.00576,70.4,-14.4,-8.8
0.00577,69.6,-13.6,-9
0.00577,69.6,-12.8,-9
0.00577,69.6,-15.2,-8.8
0.00578,69.6,-13.6,-9
0.00578,70.4,-11.2,-9
0.00579,71.2,-11.2,-9
0.00579,70.4,-12.8,-9
0.00579,71.2,-11.2,-8.8
0.0058,71.2,-13.6,-9
0.0058,72,-11.2,-9
0.00581,72,-12,-9
0.00581,70.4,-11.2,-8.8
0.00581,72,-11.2,-8.8
0.00582,72,-12,-9
0.00582,72,-12,-9
0.00583,72.8,-12,-9
0.00583,73.6,-12.8,-8.8
0.00583,74.4,-12,-9
0.00584,73.6,-11.2,-9
0.00584,74.4,-11.2,-9
0.00585,74.4,-12,-8.8
0.00585,74.4,-12,-8.8
0.00586,75.2,-12,-9
0.00586,74.4,-12.8,-8.8
0.00586,74.4,-12,-8.8
0.00587,74.4,-12.8,-8.8
0.00587,74.4,-11.2,-8.8
0.00588,74.4,-11.2,-8.8
0.00588,74.4,-12.8,-9
0.00588,74.4,-11.2,-9
0.00589,74.4,-12,-9
0.00589,73.6,-10.4,-9
0.0059,74.4,-9.6,-9
0.0059,73.6,-10.4,-8.8
0.0059,74.4,-9.6,-8.8
0.00591,71.2,-11.2,-8.8
0.00591,71.2,-9.6,-8.8
0.00592,71.2,-11.2,-9
0.00592,70.4,-9.6,-9
0.00592,69.6,-6.4,-8.8
0.00593,68.8,-9.6,-9
0.00593,68,-8,-9
0.00594,67.2,-7.2,-9
0.00594,67.2,-8,-8.8
0.00594,66.4,-6.4,-8.8
0.00595,65.6,-7.2,-9
0.00595,64,-5.6,-8.8
0.00596,63.2,-4.8,-9
0.00596,63.2,-4.8,-9
0.00596,62.4,-5.6,-8.8
0.00597,60.8,-4.8,-9
0.00597,60,-5.6,-9
0.00598,59.2,-4,-9
0.00598,58.4,-2.4,-9
0.00598,57.6,-3.2,-9
0.00599,56.8,-2.4,-8.8
0.00599,55.2,-2.4,-8.8
0.006,54.4,-0.8,-9
0.006,55.2,-0.8,-9
0.006,54.4,-0.8,-8.8
0.00601,53.6,1.6,-8.8
0.00601,53.6,0.8,-9
0.00602,52.8,2.4,-9
0.00602,52.8,2.4,-8.8
0.00602,51.2,2.4,-9
0.00603,52.8,4,-8.8
0.00603,49.6,4.8,-9
0.00604,50.4,7.2,-9
0.00604,49.6,6.4,-8.8
0.00604,49.6,8,-9
0.00605,48.8,8,-8.8
0.00605,48.8,8.8,-9
0.00605,48,8.8,-9
0.00606,48,11.2,-9
0.00606,48,9.6,-9
0.00607,48,12,-9
0.00607,45.6,12,-8.8
0.00607,45.6,12.8,-9
0.00608,44.8,12,-8.8
0.00608,43.2,14.4,-8.8
0.00609,43.2,13.6,-9
0.00609,43.2,15.2,-9
0.00609,41.6,15.2,-8.8
0.0061,42.4,14.4,-9
0.0061,41.6,15.2,-9
0.00611,41.6,15.2,-8.8
0.00611,40.8,16,-8.8
0.00611,39.2,16,-9
0.00612,40,16,-9
0.00612,37.6,17.6,-8.8
0.00613,38.4,17.6,-8.8
0.00613,36,18.4,-8.8
0.00613,35.2,18.4,-9
0.00614,33.6,18.4,-8.8
0.00614,32.8,20,-9
0.00615,32,20,-8.8
0.00615,32,21.6,-8.8
0.00615,30.4,23.2,-8.8
0.00616,30.4,22.4,-9
0.00616,30.4,23.2,-9
0.00617,28.8,24,-9
0.00617,28,24.8,-8.8
0.00617,28,25.6,-9
0.00618,26.4,26.4,-9
0.00618,24.8,27.2,-9
0.00619,23.2,26.4,-9
0.00619,24,28,-9
0.0062,23.2,29.6,-9
0.0062,20.8,28.8,-9
0.0062,21.6,29.6,-9
0.00621,20.8,31.2,-9
0.00621,19.2,31.2,-9
0.00622,17.6,32,-9
0.00622,18.4,31.2,-8.8
0.00622,17.6,33.6,-9
0.00623,17.6,34.4,-9
0.00623,16.8,34.4,-9
0.00624,16.8,34.4,-9
0.00624,13.6,36,-8.8
0.00624,14.4,36.8,-9
0.00625,12.8,37.6,-9
0.00625,12,36.8,-8.8
0.00626,10.4,38.4,-8.8
0.00626,10.4,38.4,-9
0.00626,10.4,39.2,-9
0.00627,9.6,39.2,-9
0.00627,8.8,39.2,-8.8
0.00628,8.8,41.6,-9
0.00628,8.8,41.6,-9
0.00628,8.8,43.2,-9
0.00629,7.2,43.2,-9
0.00629,8,43.2,-9
0.0063,6.4,44,-9
0.0063,7.2,46.4,-8.8
0.0063,5.6,46.4,-9
0.00631,4.8,48.8,-9
0.00631,4.8,47.2,-9.2
0.00632,4.8,48,-9
0.00632,5.6,48,-9
0.00632,4.8,49.6,-9
0.00633,3.2,48.8,-8.8
0.00633,3.2,48.8,-9
0.00634,2.4,48,-9
0.00634,2.4,51.2,-9
0.00634,1.6,50.4,-9
0.00635,1.6,51.2,-8.8
0.00635,2.4,50.4,-9
0.00636,2.4,51.2,-8.8
0.00636,0.8,50.4,-9
0.00638,-0.8,51.2,-8.8
0.00638,-0.8,49.6,-8.8
0.00639,-0.8,50.4,-8.8
0.0064,-1.6,50.4,-8.8
0.0064,-1.6,52,-9
0.0064,-3.2,51.2,-9
0.00641,-2.4,52,-9
0.00641,-4,51.2,-8.8
0.00641,-2.4,51.2,-9
0.00642,-2.4,50.4,-8.8
0.00642,-4,51.2,-9
0.00643,-3.2,49.6,-9
0.00643,-4,50.4,-9
0.00644,-4,49.6,-8.8
0.00644,-6.4,51.2,-8.8
0.00644,-5.6,50.4,-9
0.00645,-2.4,50.4,-8.8
0.00645,-4.8,50.4,-9
0.00645,-4,51.2,-9
0.00646,-5.6,52,-8.8
0.00646,-4.8,52.8,-9
0.00647,-4.8,50.4,-8.8
0.00647,-5.6,52,-9
0.00648,-6.4,51.2,-9
0.00648,-5.6,52,-9
0.00648,-6.4,52.8,-9
0.00649,-6.4,52.8,-8.8
0.00649,-6.4,51.2,-9.2
0.00649,-5.6,52.8,-9
0.0065,-6.4,51.2,-9
0.0065,-6.4,52.8,-9
0.00651,-6.4,52.8,-8.8
0.00651,-7.2,52.8,-9
0.00652,-6.4,52.8,-9
0.00652,-7.2,52.8,-9
0.00652,-5.6,52.8,-9
0.00653,-6.4,52.8,-9
0.00653,-7.2,52.8,-8.8
0.00654,-6.4,52.8,-8.8
0.00654,-6.4,52.8,-9
0.00654,-5.6,52,-9
0.00655,-5.6,52.8,-9
0.00655,-5.6,52.8,-9
0.00656,-4.8,52.8,-9
0.00656,-5.6,52.8,-9
0.00656,-4,53.6,-9
0.00657,-4,52.8,-8.8
0.00657,-4.8,52.8,-8.8
0.00658,-4.8,52,-8.6
0.00658,-3.2,52.8,-8.8
0.00658,-4,52,-8.8
0.00659,-3.2,52.8,-9
0.00659,-4,52.8,-8.8
0.0066,-2.4,52.8,-9
0.0066,-3.2,51.2,-9
0.0066,-2.4,52,-8.8
0.00661,-2.4,52.8,-8.8
0.00662,-0.8,52,-9
0.00663,0.8,51.2,-8.8
0.00664,2.4,52,-9
0.00664,2.4,51.2,-9
0.00664,2.4,49.6,-9
0.00665,4,50.4,-9
0.00665,4,50.4,-9
0.00666,4.8,49.6,-9
0.00666,5.6,48.8,-9
0.00666,6.4,48,-9
0.00667,7.2,47.2,-9
0.00667,8,46.4,-9
0.00668,7.2,47.2,-9
0.00668,8,47.2,-9
0.00668,8.8,46.4,-9
0.00669,9.6,46.4,-9
0.00669,8.8,43.2,-9
0.0067,9.6,44,-8.8
0.0067,8.8,44,-8.8
0.0067,10.4,43.2,-9
0.00671,9.6,42.4,-9
0.00671,10.4,43.2,-8.8
0.00671,10.4,40,-9
0.00672,11.2,41.6,-9
0.00672,11.2,40.8,-9
0.00673,11.2,42.4,-8.8
0.00673,12.8,39.2,-8.8
0.00673,12.8,40.8,-9
0.00674,12,39.2,-9
0.00674,13.6,38.4,-9
0.00675,14.4,38.4,-8.8
0.00675,15.2,38.4,-9
0.00675,16,37.6,-8.8
0.00676,15.2,38.4,-9
0.00676,16.8,38.4,-9
0.00677,17.6,37.6,-8.8
0.00677,16.8,36,-9
0.00677,18.4,36.8,-9
0.00678,19.2,36.8,-9
0.00678,20,36,-8.8
0.00679,19.2,35.2,-9
0.00679,19.2,34.4,-8.6
0.00679,21.6,34.4,-9
0.0068,20.8,32.8,-9
0.0068,21.6,32.8,-9
0.00681,20.8,33.6,-9
0.00681,22.4,32.8,-9
0.00681,21.6,31.2,-9
0.00682,21.6,32,-8.8
0.00682,24,31.2,-9
0.00683,24.8,32,-9
0.00683,24,29.6,-8.8
0.00683,25.6,30.4,-9
0.00684,27.2,30.4,-8.8
0.00684,26.4,29.6,-9
0.00685,27.2,28,-8.8
0.00685,28,28.8,-9
0.00686,28,27.2,-9
0.00686,30.4,28,-8.8
0.00686,29.6,26.4,-9
0.00687,30.4,27.2,-8.8
0.00687,30.4,25.6,-9
0.00688,31.2,27.2,-9
0.00688,32,25.6,-9
0.00688,32.8,25.6,-8.8
0.00689,34.4,24,-9
0.00689,35.2,24,-9
0.0069,34.4,23.2,-9
0.0069,36,22.4,-8.8
0.0069,36.8,22.4,-9
0.00691,36.8,22.4,-9
0.00691,36.8,20,-8.8
0.00692,36,19.2,-9
0.00692,36.8,20,-8.8
0.00692,37.6,19.2,-9
0.00693,38.4,17.6,-9
0.00693,36.8,18.4,-9
0.00694,39.2,17.6,-9
0.00694,37.6,16.8,-9
0.00694,40.8,16,-9
0.00695,40,16,-9
0.00695,40,16,-9
0.00696,40,15.2,-8.8
0.00696,40,14.4,-9
0.00696,40,14.4,-9
0.00697,40.8,14.4,-9
0.00697,40.8,12,-9
0.00698,42.4,12,-9
0.00698,43.2,12,-9
0.00698,43.2,12,-8.8
0.00699,43.2,11.2,-8.8
0.00699,43.2,12,-9
0.007,42.4,10.4,-9
0.007,44,12,-9
0.007,44.8,8.8,-9
0.00701,43.2,11.2,-9
0.00701,44.8,8.8,-9
0.00702,44,10.4,-8.8
0.00702,44.8,8,-9
0.00702,44,8.8,-9
0.00703,44,8,-8.8
0.00703,44.8,8.8,-8.8
0.00703,44,7.2,-8.8
0.00704,44.8,8,-8.8
0.00704,44,7.2,-9
0.00705,44,7.2,-9
0.00705,45.6,7.2,-9
0.00705,45.6,8.8,-9
0.00706,44.8,8.8,-9
0.00706,45.6,7.2,-9
0.00707,44.8,8.8,-9
0.00707,45.6,7.2,-9
0.00707,45.6,6.4,-9
0.00708,45.6,7.2,-9
0.00708,46.4,8,-9
0.00709,46.4,8,-9
0.00709,48,8,-9
0.00709,47.2,8,-9
0.0071,48.8,8.8,-8.8
0.0071,48,8,-8.8
0.00711,48.8,6.4,-9
0.00711,48.8,5.6,-9
0.00711,49.6,6.4,-9
0.00712,49.6,6.4,-8.8
0.00712,49.6,6.4,-9
0.00713,48,4.8,-8.8
0.00713,48.8,5.6,-9
0.00713,48,5.6,-9
0.00714,48.8,6.4,-8.8
0.00714,48,4.8,-8.8
0.00715,48,6.4,-8.8
0.00715,47.2,4.8,-9
0.00715,47.2,4.8,-9
0.00716,46.4,4.8,-9
0.00716,44.8,5.6,-8.8
0.00717,44.8,4,-9
0.00717,46.4,4.8,-8.8
0.00718,44,4,-9
0.00718,44.8,7.2,-9
0.00718,45.6,5.6,-9
0.00719,45.6,6.4,-8.8
0.00719,44.8,6.4,-9
0.0072,44,6.4,-8.8
0.0072,44,6.4,-9
0.0072,44,5.6,-9
0.00721,43.2,5.6,-9
0.00721,43.2,7.2,-9
0.00722,43.2,5.6,-9
0.00722,44,5.6,-8.6
0.00722,43.2,6.4,-9
0.00723,43.2,5.6,-9
0.00723,44,6.4,-8.8
0.00724,44.8,7.2,-9
0.00724,44.8,6.4,-9
0.00724,42.4,5.6,-9
0.00725,43.2,7.2,-8.8
0.00725,41.6,6.4,-8.8
0.00726,42.4,8,-9
0.00726,41.6,6.4,-9
0.00726,42.4,8,-9
0.00727,40.8,4.8,-8.8
0.00727,40.8,8,-9
0.00728,40,7.2,-9
0.00728,38.4,8.8,-8.8
0.00728,37.6,7.2,-8.8
0.00729,37.6,8.8,-9
0.00729,38.4,8.8,-9
0.0073,38.4,9.6,-9
0.0073,36.8,8.8,-8.8
0.0073,36,8.8,-9
0.00731,36,10.4,-9
0.00731,35.2,10.4,-9
0.00732,36,9.6,-9
0.00732,35.2,10.4,-9
0.00732,36,12,-9
0.00733,36,10.4,-9
0.00733,35.2,10.4,-9
0.00734,34.4,12,-8.8
0.00734,33.6,12,-9
0.00734,33.6,12,-8.8
0.00735,36,12.8,-8.6
0.00735,34.4,12,-9
0.00736,35.2,13.6,-9
0.00736,33.6,12.8,-9
0.00736,33.6,12.8,-9
0.00737,31.2,12.8,-8.8
0.00737,32,14.4,-9
0.00737,32,12.8,-8.8
0.00738,31.2,15.2,-8.8
0.00738,31.2,12.8,-9
0.00739,30.4,15.2,-8.8
0.00739,29.6,15.2,-8.8
0.0074,29.6,14.4,-8.8
0.0074,28.8,14.4,-9
0.0074,28,16.8,-9
0.00741,27.2,16,-9
0.00741,27.2,16.8,-8.8
0.00741,26.4,16.8,-8.8
0.00742,24.8,18.4,-9
0.00742,24.8,18.4,-9
0.00743,24.8,20,-9.2
0.00743,24,18.4,-9
0.00744,24.8,19.2,-8.8
0.00744,24.8,20,-9
0.00744,24,21.6,-8.8
0.00745,24.8,20,-9
0.00745,23.2,20.8,-8.8
0.00745,23.2,20.8,-8.8
0.00746,22.4,22.4,-8.8
0.00746,22.4,21.6,-9
0.00747,22.4,22.4,-9
0.00747,23.2,23.2,-9
0.00748,21.6,22.4,-8.8
0.00748,21.6,22.4,-8.8
0.00748,21.6,23.2,-8.8
0.00749,21.6,24,-9
0.00749,20.8,24,-9
0.00749,20,25.6,-9
0.0075,17.6,25.6,-8.6
0.0075,18.4,26.4,-9
0.00751,16.8,25.6,-8.8
0.00751,18.4,27.2,-9
0.00752,16.8,26.4,-9
0.00752,17.6,27.2,-8.8
0.00752,16.8,28,-8.8
0.00753,16.8,28,-9
0.00753,15.2,27.2,-8.8
0.00754,17.6,28.8,-8.8
0.00754,16,28.8,-9.2
0.00754,15.2,30.4,-8.8
0.00755,15.2,30.4,-9
0.00755,15.2,30.4,-9
0.00756,15.2,30.4,-9
0.00756,16,31.2,-9
0.00756,15.2,31.2,-9
0.00757,15.2,32,-9
0.00757,15.2,31.2,-8.8
0.00758,16,32.8,-9
0.00758,16,32,-9
0.00758,15.2,32.8,-9
0.00759,16,33.6,-8.8
0.00759,14.4,33.6,-9
0.0076,15.2,33.6,-9
0.0076,15.2,32.8,-8.8
0.0076,14.4,34.4,-8.8
0.00761,13.6,33.6,-9
0.00761,13.6,33.6,-9
0.00762,12.8,32.8,-8.8
0.00762,12.8,35.2,-9
0.00762,12,35.2,-9
0.00763,12.8,35.2,-8.8
0.00763,12.8,34.4,-8.8
0.00764,12.8,36,-9
0.00764,12,36.8,-9
0.00764,12,36.8,-8.8
0.00765,12,36.8,-9
0.00765,11.2,37.6,-9
0.00766,12,37.6,-9
0.00766,12.8,38.4,-9
0.00766,11.2,37.6,-9
0.00767,12,38.4,-9
0.00767,12,37.6,-8.8
0.00768,12,39.2,-9
0.00768,11.2,38.4,-8.8
0.00768,11.2,40,-8.8
0.00769,12,40,-8.8
0.00769,12,40.8,-9
0.00769,12.8,39.2,-8.8
0.0077,12,40.8,-8.8
0.0077,13.6,40,-9
0.00771,12,40,-8.8
0.00771,13.6,40,-9
0.00771,12,40,-8.8
0.00772,12.8,39.2,-8.8
0.00772,12,38.4,-8.8
0.00773,13.6,40,-9
0.00773,13.6,40.8,-8.8
0.00773,14.4,38.4,-8.8
0.00774,12.8,39.2,-9
0.00774,12.8,40.8,-8.8
0.00775,12.8,38.4,-8.8
0.00775,12,40,-8.8
0.00775,11.2,40,-9
0.00776,12.8,38.4,-8.8
0.00776,12,39.2,-9
0.00777,13.6,40,-9
0.00777,11.2,38.4,-9
0.00777,13.6,39.2,-9
0.00778,12,39.2,-8.8
0.00778,11.2,40,-8.8
0.00779,11.2,38.4,-8.8
0.00779,12,39.2,-9
0.00779,12,40,-9
0.0078,12,40.8,-8.8
0.0078,12.8,40,-9
0.00781,12.8,40.8,-8.8
0.00781,13.6,40.8,-9
0.00781,15.2,40.8,-8.8
0.00782,14.4,40,-9
0.00782,15.2,40.8,-9
0.00783,15.2,40,-9
0.00783,15.2,41.6,-8.8
0.00784,15.2,41.6,-9
0.00784,16,40,-8.8
0.00784,16.8,40.8,-8.8
0.00785,16,40.8,-9
0.00785,16.8,40.8,-9
0.00785,17.6,41.6,-8.8
0.00786,17.6,40.8,-9
0.00786,17.6,41.6,-8.6
0.00787,17.6,41.6,-9
0.00787,16.8,41.6,-9
0.00788,18.4,40,-9
0.00788,16.8,40,-8.8
0.00788,17.6,46.4,-8.8
0.00789,16.8,39.2,-9
0.00789,17.6,40.8,-8.8
0.0079,19.2,40,-9
0.0079,18.4,40,-8.8
0.0079,17.6,40,-9
0.00791,18.4,40.8,-9
0.00791,17.6,40,-9
0.00792,18.4,41.6,-9
0.00792,18.4,40,-8.8
0.00792,19.2,41.6,-9
0.00793,19.2,40,-8.8
0.00793,20,38.4,-8.8
0.00794,20,40,-9
0.00794,20.8,38.4,-9
0.00794,21.6,37.6,-9
0.00795,21.6,40,-8.8
0.00795,21.6,40,-9
0.00796,22.4,39.2,-8.8
0.00796,23.2,38.4,-8.8
0.00796,23.2,38.4,-8.8
0.00797,24,36.8,-8.8
0.00797,24.8,37.6,-8.8
0.00798,24.8,36,-9
0.00798,24.8,36,-9
0.00798,24.8,36.8,-9
0.00799,24,35.2,-8.8
0.00799,24.8,35.2,-8.8
0.008,25.6,34.4,-8.8
0.008,24.8,34.4,-8.8
0.008,24,34.4,-9
0.00801,24,35.2,-9
0.00801,24.8,35.2,-8.8
0.00802,23.2,32.8,-9
0.00802,23.2,33.6,-8.8
0.00802,22.4,32.8,-9
0.00803,21.6,32.8,-9
0.00803,21.6,32.8,-9
0.00804,20.8,32.8,-9
0.00804,19.2,32.8,-9
0.00804,20.8,32,-9.2
0.00805,20.8,31.2,-8.8
0.00805,19.2,30.4,-9
0.00805,21.6,32,-9
0.00806,19.2,31.2,-8.8
0.00806,21.6,32.8,-9
0.00807,20.8,29.6,-9
0.00807,22.4,30.4,-9
0.00807,23.2,31.2,-9
0.00808,24,30.4,-9
0.00808,25.6,29.6,-8.8
0.00809,27.2,31.2,-9
0.00809,27.2,29.6,-9
0.0081,30.4,29.6,-9
0.0081,32,29.6,-9
0.0081,32.8,29.6,-9
0.00811,35.2,28.8,-8.8
0.00811,36.8,28.8,-9
0.00812,40,28.8,-9
0.00812,40,27.2,-8.8
0.00812,43.2,27.2,-8.8
0.00813,46.4,25.6,-8.8
0.00813,48,25.6,-9
0.00813,48,24.8,-9
0.00814,51.2,24.8,-9
0.00814,52.8,22.4,-8.6
0.00815,55.2,23.2,-9
0.00815,56,21.6,-9
0.00815,56.8,20,-9
0.00816,59.2,18.4,-9
0.00816,60,19.2,-9
0.00817,62.4,16.8,-8.8
0.00817,64,16,-9
0.00818,65.6,12.8,-8.8
0.00818,71.2,13.6,-8.8
0.00818,68.8,12,-8.8
0.00819,69.6,10.4,-9
0.00819,71.2,8,-9
0.00819,73.6,7.2,-8.8
0.0082,74.4,5.6,-8.8
0.0082,74.4,4,-9
0.00821,76,1.6,-8.8
0.00822,78.4,-3.2,-8.8
0.00822,79.2,-4,-9
0.00822,80.8,-5.6,-9
0.00823,79.2,-6.4,-8.8
0.00823,81.6,-9.6,-9
0.00823,80.8,-9.6,-8.8
0.00824,81.6,-12.8,-9
0.00824,80.8,-13.6,-8.8
0.00825,80.8,-16,-8.8
0.00825,80.8,-16.8,-9
0.00826,80,-17.6,-9
0.00826,80,-20.8,-9
0.00826,78.4,-21.6,-9.2
0.00827,77.6,-23.2,-9
0.00827,76.8,-24,-8.8
0.00827,75.2,-25.6,-9
0.00828,75.2,-26.4,-9
0.00828,74.4,-27.2,-9
0.00829,72.8,-28,-8.8
0.00829,72,-30.4,-8.8
0.0083,71.2,-29.6,-9.2
0.0083,68.8,-30.4,-9
0.0083,68,-30.4,-9
0.00831,66.4,-32,-8.8
0.00831,65.6,-30.4,-8.8
0.00831,64,-32.8,-9
0.00832,63.2,-30.4,-8.8
0.00832,60.8,-32,-8.8
0.00833,60.8,-31.2,-9
0.00833,59.2,-32.8,-9
0.00834,58.4,-29.6,-9
0.00834,58.4,-30.4,-8.8
0.00834,56.8,-29.6,-9
0.00835,54.4,-31.2,-9.2
0.00835,53.6,-28.8,-8.8
0.00835,52.8,-30.4,-9
0.00836,51.2,-28.8,-8.8
0.00836,49.6,-28,-9
0.00837,49.6,-27.2,-9
0.00837,48.8,-26.4,-8.8
0.00838,47.2,-24.8,-9
0.00838,47.2,-23.2,-9
0.00838,45.6,-23.2,-9
0.00839,46.4,-21.6,-9
0.00839,44.8,-20,-9
0.00839,44.8,-19.2,-8.8
0.0084,44,-18.4,-9
0.0084,43.2,-16.8,-9
0.00841,42.4,-16.8,-8.8
0.00841,43.2,-13.6,-9
0.00842,41.6,-16,-9
0.00842,41.6,-12.8,-8.8
0.00842,40,-12.8,-8.8
0.00843,40.8,-9.6,-9
0.00843,40,-10.4,-9
0.00843,40,-8,-9
0.00844,38.4,-7.2,-9
0.00844,38.4,-5.6,-8.8
0.00845,38.4,-6.4,-9
0.00845,36.8,-3.2,-8.8
0.00846,37.6,-4.8,-9
0.00846,36,-0.8,-9
0.00846,34.4,-2.4,-8.8
0.00847,34.4,-1.6,-8.8
0.00847,34.4,0.8,-8.8
0.00848,33.6,1.6,-9
0.00848,32.8,1.6,-8.8
0.00849,31.2,2.4,-9
0.00849,31.2,4,-8.8
0.0085,31.2,3.2,-9
0.0085,31.2,5.6,-9
0.0085,29.6,3.2,-9
0.00851,29.6,5.6,-8.8
0.00851,28,6.4,-8.8
0.00852,26.4,6.4,-8.8
0.00852,26.4,6.4,-9
0.00852,24,8,-9
0.00853,24,8,-9
0.00853,22.4,9.6,-9
0.00853,21.6,8.8,-9
0.00854,20.8,9.6,-8.8
0.00854,19.2,12,-8.8
0.00855,16.8,12,-9
0.00855,16.8,12.8,-9
0.00856,15.2,13.6,-8.8
0.00856,15.2,15.2,-9
0.00856,12.8,16.8,-9
0.00857,13.6,17.6,-9
0.00857,11.2,16.8,-9
0.00858,9.6,18.4,-8.8
0.00858,8,19.2,-8.8
0.00858,7.2,19.2,-9
0.00859,4,21.6,-9
0.00859,6.4,23.2,-9
0.0086,5.6,22.4,-8.8
0.0086,3.2,23.2,-8.8
0.0086,3.2,21.6,-9
0.00861,2.4,27.2,-8.8
0.00861,1.6,24,-9
0.00862,-0.8,31.2,-9
0.00863,-2.4,31.2,-9
0.00864,-2.4,27.2,-8.8
0.00864,-2.4,33.6,-9
0.00864,-4.8,35.2,-9
0.00865,-4,36,-8.8
0.00865,-4,36,-8.8
0.00865,-4.8,39.2,-8.8
0.00866,-4.8,38.4,-9
0.00866,-6.4,40.8,-8.8
0.00867,-6.4,41.6,-9
0.00867,-7.2,43.2,-9
0.00868,-6.4,44,-9
0.00868,-6.4,43.2,-9
0.00868,-7.2,55.2,-8.8
0.00869,-6.4,42.4,-9
0.00869,-6.4,47.2,-9
0.00869,-8,47.2,-9
0.0087,-5.6,49.6,-9
0.0087,-8,49.6,-9
0.00871,-6.4,50.4,-9
0.00871,-6.4,52.8,-8.8
0.00872,-5.6,52,-9
0.00872,-4.8,52,-9
0.00872,-5.6,53.6,-9
0.00873,-4,53.6,-8.8
0.00873,-4.8,58.4,-9
0.00873,-4.8,52.8,-8.8
0.00874,-4,56.8,-9
0.00874,-4.8,52.8,-8.8
0.00875,-4,56.8,-9
0.00875,-4.8,54.4,-9
0.00876,-3.2,56.8,-9
0.00876,-5.6,55.2,-9
0.00876,-4.8,56,-9
0.00877,-4,56,-9
0.00877,-5.6,57.6,-9
0.00877,-4,56,-9
0.00878,-5.6,56.8,-9
0.00878,-4.8,56.8,-8.8
0.00879,-6.4,55.2,-8.8
0.00879,-4.8,56,-8.8
0.0088,-6.4,57.6,-8.8
0.0088,-5.6,57.6,-9
0.0088,-6.4,56,-9
0.00881,-6.4,56.8,-8.8
0.00881,-6.4,56.8,-9
0.00881,-6.4,57.6,-9
0.00882,-7.2,56.8,-9
0.00882,-7.2,57.6,-9
0.00883,-7.2,56.8,-9
0.00883,-8,57.6,-9
0.00884,-7.2,58.4,-9
0.00884,-3.2,57.6,-9
0.00884,-9.6,57.6,-9
0.00885,-9.6,59.2,-9
0.00885,-7.2,58.4,-9
0.00886,-10.4,57.6,-8.8
0.00886,-9.6,56.8,-9
0.00886,-9.6,58.4,-9
0.00887,-8.8,57.6,-9
0.00887,-9.6,59.2,-9
0.00887,-10.4,56.8,-8.8
0.00888,-9.6,58.4,-8.8
0.00888,-10.4,59.2,-9
0.00889,-15.2,59.2,-8.8
0.00889,-8,59.2,-9
0.0089,-12,59.2,-9
0.0089,-10.4,59.2,-9
0.0089,-10.4,59.2,-8.8
0.00891,-11.2,59.2,-9
0.00891,-9.6,59.2,-9
0.00892,-10.4,58.4,-9
0.00892,-9.6,59.2,-9
0.00892,-9.6,60,-9
0.00893,-10.4,59.2,-9
0.00893,-8.8,59.2,-9
0.00894,-12.8,60,-9
0.00894,-8,60,-9
0.00894,-8.8,59.2,-9
0.00895,-9.6,60,-8.8
0.00895,-7.2,59.2,-8.8
0.00895,-9.6,60,-8.8
0.00896,-8,59.2,-8.8
0.00896,-7.2,58.4,-9
0.00897,-8,59.2,-9
0.00897,-6.4,59.2,-8.8
0.00898,-6.4,59.2,-9
0.00898,-8,58.4,-9
0.00898,-6.4,57.6,-9
0.00899,-6.4,59.2,-9
0.00899,-2.4,59.2,-8.8
0.009,-6.4,59.2,-9
0.009,-3.2,56,-8.8
0.009,-4.8,59.2,-8.8
0.00901,-2.4,56,-8.8
0.00901,-2.4,56.8,-8.8
0.00902,-3.2,56.8,-9
0.00902,-1.6,58.4,-8.8
0.00902,-2.4,56,-9
0.00903,-0.8,56,-9
0.00904,0.8,56,-8.8
0.00904,0.8,55.2,-9
0.00905,1.6,53.6,-9
0.00905,0.8,53.6,-8.8
0.00906,2.4,54.4,-8.8
0.00906,3.2,53.6,-9
0.00906,3.2,52.8,-9
0.00907,3.2,52.8,-8.8
0.00907,3.2,52.8,-8.8
0.00908,3.2,52.8,-9
0.00908,4.8,53.6,-8.8
0.00908,4,52,-9
0.00909,4.8,52,-8.8
0.00909,4.8,52.8,-9
0.0091,6.4,51.2,-9
0.0091,5.6,51.2,-9
0.0091,6.4,50.4,-9
0.00911,6.4,49.6,-8.8
0.00911,4.8,49.6,-9
0.00911,7.2,49.6,-9
0.00912,6.4,49.6,-8.8
0.00912,6.4,47.2,-9
0.00913,8,48.8,-8.8
0.00913,6.4,46.4,-9
0.00914,8.8,48,-8.8
0.00914,8,46.4,-8.8
0.00914,9.6,47.2,-8.8
0.00915,9.6,45.6,-9
0.00915,9.6,45.6,-9
0.00915,12,46.4,-9
0.00916,9.6,46.4,-8.8
0.00916,9.6,45.6,-8.8
0.00917,11.2,45.6,-9
0.00917,11.2,44,-9
0.00918,12,45.6,-8.8
0.00918,12.8,44,-9
0.00918,12.8,43.2,-8.8
0.00919,13.6,43.2,-9
0.00919,13.6,43.2,-8.8
0.0092,14.4,42.4,-9
0.0092,13.6,42.4,-9
0.0092,15.2,42.4,-9
0.00921,16,43.2,-8.8
0.00921,15.2,42.4,-9
0.00921,16,41.6,-9
0.00922,16.8,41.6,-8.8
0.00922,17.6,40.8,-9
0.00923,17.6,42.4,-9
0.00923,18.4,40,-9
0.00924,20,41.6,-9
0.00924,19.2,39.2,-9
0.00924,20.8,38.4,-9
0.00925,20,38.4,-9
0.00925,20.8,38.4,-8.8
0.00925,22.4,36.8,-9
0.00926,23.2,37.6,-8.8
0.00926,22.4,36.8,-9
0.00927,23.2,36,-9
0.00927,24,35.2,-8.8
0.00928,24.8,36.8,-9
0.00928,24.8,34.4,-9
0.00928,24.8,35.2,-9
0.00929,24.8,33.6,-8.8
0.00929,25.6,34.4,-9
0.00929,26.4,33.6,-9
0.0093,28,32.8,-8.8
0.0093,27.2,32,-9
0.00931,28,31.2,-8.6
0.00931,28.8,30.4,-9
0.00932,28.8,31.2,-9
0.00932,30.4,30.4,-9
0.00932,29.6,30.4,-9
0.00933,31.2,28.8,-9
0.00933,31.2,28.8,-9.2
0.00933,32,28,-9
0.00934,31.2,28,-8.8
0.00934,32.8,28,-9
0.00935,32.8,27.2,-8.8
0.00935,33.6,27.2,-9
0.00936,34.4,25.6,-9
0.00936,34.4,25.6,-8.8
0.00936,33.6,24.8,-9
0.00937,34.4,24.8,-9
0.00937,34.4,24,-9
0.00937,34.4,24,-9
0.00938,34.4,23.2,-9
0.00938,34.4,23.2,-9
0.00939,35.2,21.6,-9
0.00939,36.8,22.4,-9
0.0094,35.2,20,-9
0.0094,36,20.8,-9
0.0094,36,19.2,-9
0.00941,35.2,20.8,-8.8
0.00941,36.8,19.2,-8.8
0.00942,37.6,19.2,-8.8
0.00942,37.6,18.4,-8.8
0.00942,38.4,17.6,-8.8
0.00943,37.6,18.4,-9
0.00943,38.4,16.8,-9
0.00944,39.2,17.6,-9
0.00944,39.2,16.8,-8.8
0.00944,40.8,16.8,-9
0.00945,38.4,17.6,-9
0.00945,40,16.8,-9
0.00945,40,16.8,-9
0.00946,40.8,16.8,-8.8
0.00946,40,16,-8.8
0.00947,40.8,17.6,-9
0.00947,41.6,15.2,-9
0.00948,40.8,15.2,-9
0.00948,42.4,13.6,-9
0.00948,41.6,14.4,-9
0.00949,41.6,15.2,-9
0.00949,43.2,13.6,-9
0.0095,41.6,15.2,-9
0.0095,43.2,15.2,-9
0.0095,43.2,12.8,-8.8
0.00951,44,14.4,-9
0.00951,43.2,14.4,-9
0.00951,43.2,14.4,-9
0.00952,44,12.8,-9
0.00952,44.8,13.6,-8.8
0.00953,44.8,12,-9
0.00953,45.6,12.8,-9
0.00954,44.8,11.2,-8.8
0.00954,44.8,12,-9
0.00954,44.8,12,-9
0.00955,44.8,11.2,-8.8
0.00955,45.6,10.4,-8.8
0.00955,44.8,9.6,-9
0.00956,45.6,9.6,-9
0.00956,45.6,10.4,-8.8
0.00957,46.4,9.6,-9
0.00957,46.4,8.8,-9
0.00958,45.6,9.6,-9
0.00958,46.4,9.6,-9
0.00958,46.4,8.8,-9
0.00959,45.6,8,-8.8
0.00959,46.4,9.6,-9
0.00959,45.6,8.8,-8.8
0.0096,46.4,7.2,-9
0.0096,46.4,7.2,-8.8
0.00961,45.6,6.4,-9
0.00961,45.6,8,-8.8
0.00962,45.6,8,-9
0.00962,45.6,6.4,-8.8
0.00962,44,7.2,-9
0.00963,44,6.4,-9
0.00963,45.6,6.4,-8.8
0.00963,44,5.6,-9
0.00964,44.8,8,-9
0.00964,44.8,5.6,-9
0.00965,44.8,6.4,-8.8
0.00965,44.8,6.4,-9
0.00966,44.8,6.4,-9
0.00966,44,4.8,-9
0.00966,44,5.6,-8.8
0.00967,43.2,5.6,-9
0.00967,44.8,6.4,-8.8
0.00967,43.2,5.6,-9
0.00968,43.2,6.4,-8.8
0.00968,42.4,4.8,-8.8
0.00969,44,5.6,-9
0.00969,42.4,3.2,-9
0.0097,42.4,5.6,-8.8
0.0097,43.2,4.8,-8.8
0.0097,41.6,4,-8.8
0.00971,42.4,4.8,-9
0.00971,41.6,4.8,-9
0.00971,41.6,6.4,-9
0.00972,41.6,4.8,-8.8
0.00972,41.6,5.6,-8.8
0.00973,43.2,4.8,-8.8
0.00973,40.8,4.8,-9.2
0.00974,41.6,5.6,-9
0.00974,41.6,6.4,-9
0.00974,40.8,6.4,-8.8
0.00975,42.4,6.4,-9
0.00975,41.6,6.4,-8.8
0.00975,41.6,6.4,-9
0.00976,39.2,6.4,-9
0.00976,40,7.2,-9
0.00977,40,7.2,-9
0.00977,40,8,-9
0.00978,38.4,7.2,-8.8
0.00978,38.4,8.8,-9
0.00978,40,8.8,-9
0.00979,40,8.8,-9
0.00979,38.4,8,-9
0.00979,38.4,8.8,-9
0.0098,37.6,8,-9
0.0098,36.8,9.6,-9
0.00981,36.8,8,-9
0.00981,38.4,11.2,-9
0.00982,39.2,8,-9
0.00982,38.4,9.6,-8.8
0.00982,36.8,9.6,-9
0.00983,37.6,10.4,-9
0.00983,38.4,9.6,-8.8
0.00984,37.6,11.2,-9
0.00984,37.6,10.4,-9
0.00984,36,12,-9
0.00985,36.8,9.6,-9
0.00985,36.8,12,-9
0.00985,36.8,10.4,-9
0.00986,36.8,10.4,-9
0.00986,36,11.2,-9
0.00987,35.2,12,-9
0.00987,35.2,11.2,-8.8
0.00988,35.2,12,-8.8
0.00988,34.4,12,-9
0.00988,35.2,12,-9
0.00989,33.6,12,-9
0.00989,32.8,12.8,-9
0.00989,33.6,13.6,-9
0.0099,31.2,12,-9
0.0099,32,12.8,-8.6
0.00991,31.2,12.8,-9
0.00991,31.2,14.4,-8.8
0.00992,29.6,13.6,-8.8
0.00992,31.2,13.6,-9
0.00992,29.6,15.2,-9
0.00993,28.8,15.2,-8.8
0.00993,29.6,15.2,-9
0.00993,28,16,-8.8
0.00994,28,13.6,-9
0.00994,27.2,16,-9
0.00995,26.4,16,-9
0.00995,26.4,16,-9
0.00996,26.4,16.8,-8.8
0.00996,25.6,17.6,-8.8
0.00996,25.6,16.8,-9
0.00997,25.6,16.8,-8.8
0.00997,24.8,16.8,-9
0.00997,24,19.2,-8.8
0.00998,24.8,19.2,-9
0.00998,24,18.4,-8.8
0.00999,24.8,19.2,-9
0.00999,22.4,19.2,-9
0.01,23.2,20,-8.8
